format,typ_2026,titel,beschreibung,slot_ref
interview,Interview,Background Call: The Chancellor's Advisor,"Wolfgang Schmidt war von 2021 bis 2025 Minister für besondere Aufgaben und Chef des Bundeskanzleramtes. Als rechte Hand von Olaf Scholz war er einer der wichtigsten Berater des Bundeskanzlers und in jener Zeit eine Schlüsselfigur der Deutschen Bundesregierung. Wir wagen einen Background Call und wollen herausfinden, wie in der Regierungszentrale Deutschlands gearbeitet wird, welche Seite der Politik normalerweise verborgen bleibt und wie ein Bundeskanzler Entscheidungen trifft.",SL127
interview,Interview,Breaking Into Journalism: Is It Still Worth It?,"Mit 14 Jahren entschied sich Amelie Marie Weber für eine Laufbahn als Journalistin. Dieser Idee blieb sie die letzten 17 Jahre treu und ist heute erfolgreiche ARD-Moderatorin und Journalistin. Für die Tagesschau informiert sie in Onlineformaten Millionen von Zuschauern, sitzt in Talk Shows und moderierte die diesjährigen Olympischen Winterspiele. Warum sie der Beruf der Journalistin im Kindesalter so begeistert hat und sie noch heute für eine Laufbahn im Journalismus wirbt, erzählt sie uns in einem ausführlichen Interview.",SL130
interview,Interview,Fireside Chat mit Pip Klöckner,"KI, Deglobalisierung, Energiewende, demografischer Wandel - unsere Wirtschaft steht vor fundamentalen Umbrüchen. Philipp Klöckner, einer der schärfsten Wirtschaftsanalysten Deutschlands und Host des Podcasts ""Doppelgänger Tech Talk"", analysiert die großen Trends, die den Arbeitsmarkt der nächsten Jahre prägen werden. In diesem Fireside Chat mit Jan Henri Kalinowski teilt er seine Strategien: Welche Branchen boomen, welche schrumpfen? Welche Skills werden wirklich gebraucht - und welche sind überbewertet? Wo entstehen die besten Karrierechancen für Young Professionals? Philipp gibt ungeschminkte Einblicke in Wirtschaftsdynamiken, Unternehmensstrategien und Arbeitsmarkttrends - ohne Buzzwords, dafür mit klaren Handlungsempfehlungen. Ein Must-See für alle, die verstehen wollen, wohin sich die Wirtschaft bewegt und wie sie sich optimal positionieren.",SL059
interview,Interview,From Application to Hiring: Building Careers & Teams in the Age of AI,"How should you apply for jobs in times of AI — and how do you hire your first team? Annika in der Beek, CHRO at Statista, shares real-world hiring insights, challenges outdated application processes, and explains what future leaders need to know today.",SL072
interview,Interview,From zero to gold.,"What separates the best from the rest isn’t talent but how they improve.

Drawing from 23 years of elite competition, Jan Frodeno shares the mindset behind sustained excellence. This keynote explores how to get better at getting better, how learning to embrace the pain unlocks the next level and why true progress requires you to take things personally.

Honest and practical, this is about building resilience, ownership, and a relentless drive to improve in sport, business, and life.",SL064
interview,Interview,German Tech: Der nächste Boom kommt nicht aus Berlin,,SL118
interview,Interview,"Interview: Transformation, Kultur und Hybrides Führen - Tobias Key-Learnings aus 20 Jahren Führungserfahrung","Tobias Krüger hat schon viel Veränderung gesehen - und hat diese oftmals aktiv selbst gestaltet und geführt. In diesem Interview gibt Tobias wertvolle Tipps zu Hybrider Führung und erklärt, welche Rolle der gesellschaftliche Wandel samt seiner Normen dabei spielt. Durch seine jahrelange Erfahrung als Führungskraft, Kulturmanager & Gründer weiß Tobias ob der Bedeutung des Menschen - im Konzern und im Start-Up. Bei aller technologischer Herausforderung.
Warum Tobias glaubt, dass man für C-Level zwingend Transformationserfahrungen haben muss, das erfahrt ihr in diesem Interview.",SL083
interview,Interview,"Live-Podcast mit Lena Cassel: Mut, Mindset & Männerwelt - Lenas Weg im Sportjournalismus","Lena Cassel ist eine leidenschaftliche Sportjournalistin & Podcasterin, die mit viel Mut und einem starken Mindset ihren Platz in der Männerwelt des Sports gefunden hat. Neben ihrer Arbeit vor und hinter den Kulissen teilt sie in diesem Live-Podcast ehrliche Einblicke aus ihrem Weg, ihre Erfahrungen und die Herausforderungen, die sie als Frau in einer männerdominierten Branche meistert. Lena inspiriert mit ihrer authentischen Art und zeigt, wie man mit Selbstvertrauen und Durchhaltevermögen seine Träume verwirklichen kann.",SL076
interview,Interview,Quantum Computing: The Next Big Thing After AI?,"Nach AI kommt Quantum - oder? IQM-CEO Jan Goetz baut Europas führende Quantencomputer, OMR-Gründer Philipp Westermeyer fragt nach: Ist Quantum das nächste große Ding oder überhypter Zukunftstraum? Wann wird Quantum real? Welche Industrien profitieren zuerst? Und was bedeutet das für Startups, Investoren und die Tech-Landschaft? Ein faszinierendes Gespräch über die Technologie, die alles verändern könnte - wenn sie funktioniert.",SL060
interview,Interview,"Sichtbar reicht nicht: Personal Branding, das skaliert","Du baust dir gerade Sichtbarkeit auf - aber die eigentliche Frage ist: Führt sie auch in die Richtung, die du willst? In diesem Fireside Chat wird Personal Branding als strategisches Werkzeug greifbar: für Karriereentscheidungen, Leadership-Wirkung und unternehmerisches Wachstum - langfristig gedacht statt kurzfristig gepostet.

Das nimmst du mit:
- Wie du eine klare Positionierung entwickelst, die zu deinen Stärken passt und Entscheidungen leichter macht 
- Wie du Content nachhaltig planst, ohne dich zu verbiegen - und dabei Vertrauen in deiner Community aufbaust 
- Welche Wege es gibt, Branding zu monetarisieren (Produkte, Services, Kooperationen) - und was wirklich skalierbar ist 
- Wie du aus Reichweite ein belastbares Business-Modell formst und deine Wirkung messbar machst 
- Welche Prinzipien dir helfen, konsequent Verantwortung für deine Marke zu übernehmen - auch wenn du noch nicht „fertig“ bist

Du gehst raus mit mehr Direction: Where ambition meets direction - und du setzt deine Sichtbarkeit so ein, dass sie Zukunft gestaltet.",SL071
interview,Interview,Survive the AI Hype - Die Geschäftsmodelle von morgen und wie man aus Krisen gestärkt hervorgeht,"Von der Weltfinanzkrise 2008 über die COVID-Pandemie bis zur KI-Revolution: Serial Entrepreneur Saygin Yalcin hat alles überlebt - und dabei Millionen verdient. Wie baut man krisensichere Geschäftsmodelle? Wann ist Hype gefährlich, wann Chance? Saygin teilt seine härtesten Lektionen, größten Comebacks und seine Vision für die Post-AI-Ökonomie. Ungeschönt, motivierend und voller konkreter Strategien für Gründer*innen, die langfristig gewinnen wollen.",SL043
interview,Interview,The Correspondent: Our Eyes In War,"In Zeiten von Kriegen und Krisen sind es die Berichte und Bilder in den Nachrichten, die uns fassungslos machen. Oft machen Bilder erst annähernd greifbar, welcher Schrecken mit Kriegen einhergeht. Und damit wir vor dem Fernseher oder Smartphone sehen und verstehen, was in der Ukraine oder dem Nahen Osten passiert, fährt Ibrahim Naber direkt dorthin. Als Kriegsreporter für „Welt“ berichtet Ibrahim direkt von der Kriegsfront. Heute gibt er einen tiefen Einblick darüber, was es heißt, wenn neben Mikrofon und Kamera auch Schutzhelm und eine kugelsichere Weste zum Alltagswerkzeug von Journalisten werden.",SL132
interview,Interview,The Parloa Story - You Only Need One Yes,"Von der Idee zum KI-Unicorn: Parloa-Gründer Malte Kosub erzählt die Geschichte hinter Europas führender Conversational-AI-Plattform. Vierzig Absagen, eine entscheidende Zusage - und der Weg von null auf über 560 Millionen USD Funding. Ehrlich, inspirierend und voller Learnings für alle, die selbst gründen wollen. Warum Durchhaltevermögen wichtiger ist als der perfekte Pitch - und wie ein einziges „Ja"" alles verändern kann.",SL039
interview,Interview,The VC Playbook - So investiert einer der erfolgreichsten Investoren Europas,"Trade Republic, Quantum Systems, Zalando, Kry, Sennder, WorldRemit - Florian Heinemann hat Dutzende Unicorns mit aufgebaut. Als Founding Partner von Project A Ventures gehört er zu Europas erfolgreichsten Investoren. Was macht ein Pitch erfolgreich? Welche Gründer*innen bekommen Funding - und welche nicht? Florian öffnet das VC-Playbook: von der ersten Bewertung über Term Sheets bis zum Exit. Ungefilterte Insights für alle, die Kapital suchen oder verstehen wollen, wie Top-Investoren denken.",SL047
interview,Interview,Under Pressure: The Story Of Carla Hinrichs,"Gehe ich für meine Überzeugungen ins Gefängnis? Diese Frage muss sich Carla Hinrichs gestellt haben, als Polizisten Sie am 24. Mai 2023 aus dem Schlaf reißen und ihre Wohnung durchsuchen. Der Vorwurf: Bildung einer kriminellen Vereinigung. Carla ist Klimaaktivistin und war Sprecherin der „Letzten Generation“. Die Gruppe klebte sich auf Straßen, attackierte Gemälde mit Farbe und blockierte sogar Flughäfen. Ob Clara ins Gefängnis muss, ist noch nicht entscheiden. Über diese Ungewissheit und ihren Kampf für das Klima spricht Carla Hinrichs in einem Kurzvortrag und stellt sich anschließend den Fragen von Moderator und Publikum.",SL166
interview,Interview,Under Pressure: The Story Of Frauke Brosius-Gersdorf,"Es war der politische Paukenschlag des Sommers 2025: Die Rechtswissenschaftlerin Frauke Brosius-Gersdorf wird von der SPD als Verfassungsrichterin vorgeschlagen. Als eine von drei neuen Amtsträgern soll die Juristin wie üblich durch die regierende Koalition im Bundestag in das höchste deutsche Richteramt gewählt werden. Doch kurz vor der Wahl entzünden Lobbygruppen und rechte Medien eine Kampagne gegen die Juristin. Konservative Abgeordnete verweigern ihr daraufhin die Zustimmung. Die Debatte um ihre Wahl zur Verfassungsrichterin wird so zu einem einmaligen politischen Debakel. Und der Druck auf die Juristin wächst. Politiker und Aktivisten fordern ihren Rückzug, Journalisten stellen Fragen, ihr Handy steht keine Sekunde still. In diesem Moment entscheidet sich Frauke Brosius-Gersdorf zu handeln. Wie sie diesen Ausnahmezustand meisterte und welche folgenreichen Entscheidungen sie dafür treffen musste, erzählt uns Frauke Brosius-Gersdorf im Live-Talk.",SL133
interview,Interview,Vertrauen als Leadership-Skill: Warum Mut eine Entscheidung ist,"Du kennst sie: Abläufe, die „halt so laufen“ - und trotzdem spürst du, dass mehr möglich wäre. Oft fehlt nicht die Idee, sondern das Vertrauen, sie auszusprechen, auszuprobieren und gemeinsam weiterzudenken. In diesem Fireside Chat geht es darum, warum Vertrauen ein zentraler Leadership-Skill ist, was Mut wirklich braucht und wie psychologische Sicherheit Teams (und dich selbst) handlungsfähig macht.

Das nimmst du mit: 
- Wie du Vertrauen im Alltag aufbaust - auch ohne Titel oder formale Führungsrolle 
- Konkrete Hebel für psychologische Sicherheit: Sprache, Verhalten, Meeting-Design 
- Wie du schwierige Themen ansprechen kannst, ohne Beziehungen zu riskieren 
- Praktische Wege, mit Fehlern, Unsicherheit und Konflikten konstruktiv umzugehen 
- Wie du Veränderung ermöglichst, indem du Verantwortung in der Community teilst statt sie zu delegieren 

Du gehst raus mit Klarheit und Tools, um Zukunft aktiv mitzugestalten - mutig, respektvoll und wirksam.",SL077
interview,Interview,Von Bielefeld in die Welt - How to Scale Globally (Fast),"Von Ostwestfalen in 30 Länder: Jan-Hendrik Goldbeck führt eines der erfolgreichsten Familienunternehmen Deutschlands - und expandiert rasant international. Wie skaliert man ein traditionelles Business global? Welche Märkte, welche Strategien, welche Fehler? Jan-Hendrik teilt seine Learnings aus dem Aufbau eines weltweiten Netzwerks - und warum der Standort egal ist, wenn die Vision stimmt. Für alle, die groß denken und wissen wollen, wie man es auch umsetzt.",SL058
interview,Interview,Von Sport schauen zur Sportschau: Dem eigenen Gesicht eine Stimme verleihen,"Wer Sport und insbesondere Fußball schaut, der kennt Alex Schlüter. Über die Stationen DAZN und Amazon Prime hat sich Alex im letzten Jahr einen Kindheitstraum erfüllt: als Moderator der ARD Sportschau.
In diesem Fireside Chat steht Alex Schlüter Rede und Antwort und erzählt von seinem eindrucksvollen Weg vom leidenschaftlichen Sportfan zum Moderator der Sportschau. Er reflektiert über die Herausforderungen und Highlights seines letzten Jahres, in dem er seine Stimme und Persönlichkeit im deutschen Sportjournalismus fest etabliert hat. Dabei gibt er spannende Einblicke in seine Entwicklung, seine Motivation und die Bedeutung, authentisch am Mikrofon zu sein.",SL173
interview,Interview,What It Takes to Lead an Industry - Behind the Scenes of the Agency of the Year 2025,"Zur Agency of the Year 2025 wird man nicht über Nacht: Es ist das Ergebnis klarer Führung, einer konsequenten Wachstumsagenda und einer Kultur echter Zusammenarbeit. Bei Publicis Groupe verbinden wir kreative Exzellenz mit messbarem Business Impact - und befähigen unsere Teams, mutige Ideen in nachhaltigen Erfolg für unsere Kund:innen zu übersetzen.
Das nimmst du mit:

- Wie du Führung so gestaltest, dass Ambition Richtung bekommt („Where ambition meets direction“) 
- Konkrete Hebel, um Zusammenarbeit über Silos hinweg zur echten Performance-Quelle zu machen 
- Wie du kreative Ideen in klare Outcomes übersetzt - ohne Kreativität klein zu managen 
- Prinzipien für eine Kultur, die Verantwortung stärkt und Mut im Alltag fördert 

Der Talk basiert auf der Führungspraxis innerhalb der Publicis Groupe und zeigt, wie Exzellenz, Wachstum und Community zusammen funktionieren. Du gehst raus mit Klarheit - und dem Mut, Wachstum bewusst zu gestalten.",SL092
interview,Interview,"Young Voices In Politics: New Ideas, Real Impact","Wenn Politiker Wahlen gewinnen und Spitzenämter betreiben wollen, braucht es neben einem politischen Programm und einer Menge Engagement vor allem eines: Hervorragendes Personal. Denn Pressesprecher, Strategen und Berater sind der Maschinenraum für einen erfolgreichen Wahlkampf oder ein Ministeramt. Wie es in diesem Maschinenraum aussieht, darüber sprechen wir mit Clara von Nathusius. Clara wurde mit 29 Jahren die Ehre zuteil, im Kommunikationsstab des Kulturstaatsministers Wolfram Weimer zu arbeiten. Doch vor einem Monat setzte sie hier einen Schlussstrich. Und zwar mit der Begründung: „Ich bin nicht bereit zuzusehen, wie politische Kommunikation weiter an Lebensrealitäten vorbeiredet, während sich Wahlen und Diskurse längst woanders entscheiden.“ Was Clara damit meint, erzählt Sie uns im Live Talk.",SL129
keynote,Keynote,10x oder irrelevant? Wie KI Organisationen verändert und was du jetzt tun kannst.,"KI verändert gerade die Regeln für Karriere, Leistung und Unternehmertum. Unternehmen werden sich in den nächsten Jahren strukturell verändern - ähnlich grundlegend wie einst beim Übergang von der Manufaktur zur industriellen Produktion. 

Das ist keine schlechte Nachricht für junge Menschen, sondern eine große Chance: für alle, die lernen, mit KI zu arbeiten, zu bauen und Verantwortung zu übernehmen.

In diesem Vortrag zeigt Alexander Mrozek, wie diese neue Organisationslogik aussieht, warum eine Renaissance für AI-Talente bevorsteht und wie man sich heute den entscheidenden Vorsprung aufbaut.
Als Gründer der Medienmarke Digitale Optimisten nutzt er KI selbst, um eine neue Art von Medienunternehmen aufzubauen.",SL171
keynote,Keynote,"1KOMMA5° - Zwischen Impact, Life-Style Brand und Clean-Tech-Start-Up",,SL100
keynote,Keynote,25 years in corporate = 25 years of constant change,"Vierteljahrhundert in einem Konzern - und kein Tag wie der andere. ThyssenKrupp-Vorständin Ilse Henne über permanenten Wandel in der Old Economy: Digitalisierung, Dekarbonisierung, Disruption. Wie überlebt man 25 Jahre in einem Unternehmen, das sich ständig neu erfinden muss? Was können Startups von Konzernen lernen - und umgekehrt? Ehrliche Einblicke in Corporate Leadership, Transformation und die Kunst, in Bewegung zu bleiben, wenn alles um einen herum in Bewegung ist.",SL054
keynote,Keynote,AI Ready - KI muss der Golden Retriever in Deinem Arbeitsalltag sein,"Treu, zuverlässig und immer an deiner Seite - genau so sollte KI in deinem Arbeitsalltag funktionieren. Doch zwischen Hype und Realität klafft oft eine große Lücke. Bernd Peper, Partner bei Sopra Steria, und Consultant Sahra Klünder bringen mit, was viele KI-Talks vermissen lassen: echte Praxiserfahrung aus der Beratung. Sie zeigen, wie Unternehmen KI heute wirklich sinnvoll einsetzen, wo der größte Hebel liegt und wie ihr euch jetzt AI Ready macht - damit KI nicht der überforderte Welpe bleibt, sondern euer treuester Begleiter im Job wird.",SL160
keynote,Keynote,Austauschbar. Wie du es nicht wirst.,"Mit 42 jüngster Partner einer der größten deutschen Beratungen. Erster Exit direkt nach dem Studium. Heute KI-Gründer und Host von ""Business ohne Bullshit."" Stephan Baier hat eine Formel gefunden, die erklärt, warum manche Karrieren explodieren und andere im System verschwinden - und sie hat nichts mit Leistung zu tun. 
Das nimmst du mit: 
- Welche Faktoren jenseits von reiner Leistung Karriere-Dynamik auslösen (und wie du sie erkennst) 
- Wie du Positionierung und Sichtbarkeit aufbaust, ohne Lautstärke mit Wirkung zu verwechseln 
- Praktische Entscheidungen, die deine Ambition in Richtung übersetzen („Where ambition meets direction“) 
- Wie du Netzwerke als Community gestaltst - nicht als Tauschgeschäft 
- Konkrete nächste Schritte, um Chancen aktiv zu kreieren statt auf sie zu warten 

Stephan verbindet Beratungspartner-Perspektive, Gründererfahrung und KI-Praxis - und liefert Klartext, der dich handlungsfähig macht. Geh raus und gestalte deine Karriere mutig, bewusst und mit Wirkung.",SL099
keynote,Keynote,"Becoming Micro-Famous: Wie du dir eine Personal Brand auf Social Media aufbaust, die wirklich wirkt","Viele Menschen posten regelmäßig - und wundern sich trotzdem, warum wenig zurückkommt. Sichtbar sein ist heute nur der Anfang: Wirkung entsteht, wenn du weißt, wofür du stehst, wem du helfen willst und wie du das in Inhalte übersetzt, die trusten lassen statt nur zu scrollen.

Das nimmst du mit: 
- Wie du deine Positionierung in einem klaren Satz schärfst (Wert, Zielgruppe, Unterschied) 
- Wie du 3-5 Content-Säulen definierst, die zu deiner Expertise passen und langfristig tragen 
- Wie du Relevanz statt Reichweite priorisierst - und damit eine Community aufbaust 
- Welche Formate & Mechaniken auf Instagram & Co. heute wirklich zählen (ohne dich zu verbiegen) 
- Wie du einen einfachen Content-Rhythmus entwickelst, der konsistent bleibt, auch wenn’s busy wird 

Der/die Speaker:in bringt Praxis aus dem Aufbau wirksamer Personal Brands mit - fokussiert auf Klarheit, Substanz und Verantwortung in der Kommunikation.

Geh raus und zeig nicht nur, dass du da bist - sondern wofür du stehst.",SL069
keynote,Keynote,"Breaking Barriers: Unleash Your Potential in Studies, Career, and Sports","Goldman Sachs, Startup, Venture Capital - Moritz Baier-Lentz has done it all. As an investor and athlete he learned discipline, as a consultant strategy, as a founder resilience. How do you succeed in multiple worlds simultaneously? How do you break barriers - in your mind and in life? Moritz shares his personal journey and shows how to unlock potential, set goals, and follow through. Motivating, authentic, and packed with practical tips for everyone who wants more.",SL061
keynote,Keynote,Building something with Impact: Good Leadership - Leadership for Good,"In this keynote you will learn to sharpen your perspective on good leadership - which often comes from leadership with good.
In a world where we are too often surrounded by bad news, this inspiring talk will show you to focus on the good: How can we learn from the non-profit sector in terms of leadership? How can you as a leader actually do something good if you are able to broaden your horizon and think outside the box? How can impact be a skill on the road to great leadership skills?In a world where we are too often surrounded by bad news, this inspiring talk will show you to focus on the good: How can we learn from the non-profit sector in terms of leadership? How can you as a leader actually do something good if you are able to broaden your horizon and think outside the box? How can impact be a skill on the road to great leadership skills?ßen Worten - sondern in dem, was du für andere möglich machst. Während viele auf Probleme starren, richtet diese Keynote den Blick auf eine Frage, die Zukunft gestaltet: Was können wir von Non-Profits über wirksame Führung lernen?

Das nimmst du mit: 
- Wie „Leadership with good“ funktioniert: Verantwortung übernehmen, ohne dich zu überfordern 
- Praktische Prinzipien aus dem Non-Profit-Sektor, die du sofort in Teamführung und Entscheidungen übersetzen kannst 
- Wie du Impact als Future Skill entwickelst: vom guten Vorsatz zur messbaren Wirkung 
- Wie du „outside the box“ denkst, ohne Fokus zu verlieren - klar, menschlich, effektiv 
- Wie du deine Rolle als Leader neu rahmst: Sinn + Performance statt entweder-oder 

Du profitierst von Perspektiven aus Leadership in Organisationen, die täglich mit begrenzten Ressourcen maximale Wirkung erzielen. Geh raus und gestalte Führung so, dass sie Leistung stärkt - und gleichzeitig Gutes möglich macht.",SL084
keynote,Keynote,Building Your Career in a Global Company as a German,"Have you ever heard of Jack Daniels? 
Thomas Hinrichs joined Brown-Forman (Louisville, Kentucky) in 1996 as a marketing manager in Germany and worked there for nearly 30 years. 
In this keynote you will learn about the differences of markets and leadership in different continents, the difficulties of intercultural cooperations and how it is to build a career in an american company as a german.",SL082
keynote,Keynote,Carbon Capture & Storage - From University Prototype to Climate Scale Up,"Climate tech needs to scale - fast. Planeteers founder Florian Birner took a university carbon capture prototype and turned it into a venture-backed climate startup. How do you commercialize hard science? Navigate regulations? Convince investors that climate tech isn't just impact, but profit? Florian shares the brutal realities of building a hardware climate startup: from fundraising to pilot projects to scaling globally. For founders who want to save the planet - and build a business.",SL154
keynote,Keynote,Confidence: The By-product of Action,"This keynote reframes confidence as something that is built through action, not a prerequisite for leadership. Through practical examples and simple frameworks, participants learn how to work with self-doubt and take small, intentional steps that build confidence over time.",SL001
keynote,Keynote,"Der Stuhl ist zu groß. Gut so! Selbstführung für Young Leaders: stabil werden, während Du wächst.","Der Moment, in dem es offiziell wird: neue Rolle, neue Sichtbarkeit, neue Erwartungen, ist oft der Moment, in dem es innen kurz wackelt. Dann kommt dieser Gedanke: “Der Stuhl ist zu groß - diese Rolle ist zu groß.” 

In dieser Keynote verbindet Stefanie Bahr eine radikal ehrliche Leadership-Story mit einem klaren Toolkit für Selbstführung: Identität halten, Fokus schützen, Energie führen. Berührend, kraftvoll und vor allem praktisch für ambitionierte Talente, High Potentials und Young Leaders, die Verantwortung übernehmen wollen, ohne sich zu verlieren.

Wachstum fühlt sich zu groß an - bis du lernst, dich selbst zu führen.",SL085
keynote,Keynote,"Die Idee war nie das Problem. Das Betriebssystem hinter den Startups, die gewinnen.","Ideen sind überall. Aber in Europa scheitern zu viele davon an denselben Mustern: zu viel Validierung, zu wenig Execution, zu viel Warten auf das perfekte Timing. Sebastian Ihler, CPO von Factory Berlin, glaubt, dass der europäische Startup-Code grundlegend neu geschrieben werden muss — weg vom Pitch-Denken, hin zu echtem Company Building.

Factory Berlin hat sich von einem Coworking-Space zu einem Neo Company Builder entwickelt, der Gründer:innen nicht nur Raum gibt, sondern ihnen Strategie, Execution und Netzwerk zur Verfügung stellt, um Unternehmen wirklich zu skalieren. In dieser Session zeigt Sebastian, warum eure Idee allein wertlos ist — und was es wirklich braucht, um aus einer Vision ein skalierbares Business zu bauen. Direkt, ehrlich und praxisnah.",SL053
keynote,Keynote,Die Welt unter meinem Boot,"Die Zukunft beginnt nicht morgen - sie entsteht durch die Entscheidungen, die wir heute treffen. Klimawandel, fragile Lieferketten, digitale Transformation und geopolitische Spannungen stellen Unternehmen vor neue Herausforderungen. Boris Herrmann spricht über diese Entwicklungen aus einer einzigartigen Perspektive auf dem Ozean - und darüber, wie wir ihnen mutig, pragmatisch und lösungsorientiert begegnen können.",SL176
keynote,Keynote,Die Wärmewende: Eines der wichtigsten Spielfelder unserer Generation - und vielleicht das unterschätzteste!,"Wärme ist der größte Energiesektor in Deutschland - und gleichzeitig einer der entscheidenden Hebel für Klima, Wirtschaft und technologische Zukunft. Christopher zeigt, warum der Wärmemarkt neu gedacht werden muss, welche Chancen er für Innovation, Industrie und Jobs bietet und wie jede Entscheidung jetzt die Wettbewerbsfähigkeit Deutschlands prägt.",SL169
keynote,Keynote,"Ein Leben nach Olympia: Ambitionen haben, ohne sich dabei zu verlieren","Rio 2016: Das vermutlich größte Sportereignis der Welt. Und sie holt mit Deutschland eine Bronzemedaille. In dieser bewegenden Keynote spricht Nike Lorenz über die Parallelen zwischen Leistungssport und der Arbeitswelt. Über das, was sie aus ihrer Zeit im Profisport gelernt hat. Und über die Herausforderungen dabei, in ihrer zweiten Karriere anzukommen.
Was Nike in beiden Welten vereint, ist ihr unbändiger Wille zu lernen und der Glaube daran, dass man nur wirklich gut in etwas werden kann, wenn man eine Leidenschaft dafür entwickelt.",SL081
keynote,Keynote,"From Agentic to Agency: The Algorithm Knows You, Time to Know It Back.","Everyone is racing to build agentic AI. But almost nobody is asking what it does to society's ability to stay in control of itself. Those who do will have a meaningful advantage.

Agentic AI is shifting us from an attention economy to an intention economy, one that not only serves content but shapes what you want, decide and become. Social media already showed how the former can erode well-being and democratic resilience. Yet, what's coming next is a far greater disruption and the window to get ahead of it is narrowing fast.

Zina Efchary, AI researcher at the OECD and University of Cambridge and co-founder of Myranda, describes this as gradual disempowerment. Having spent his career at the intersection of AI interpretability, ethics and policy, he offers a perspective on how algorithmic systems shape human identity and what it would take to redesign them in ways that restore rather than erode human agency.

As a concrete solution, he introduces Myranda: a privacy-first tool that gives users visibility into how their information diet is shaped, helps them understand the signals behind their recommendations and enables them to actively reshape those systems without giving up their personal data.

You'll leave with a clearer picture of where this is heading, but more than answers, this is an invitation for product builders and leaders to ask harder questions about your business model's incentives, who your product truly serves and what it means to build responsibly at a moment that will define the next era of human agency.",SL112
keynote,Keynote,From Climate Summits to the Boardroom: Negotiation Skills That Scale,"Global negotiations shape the future - and they fail for the same reasons business deals fail: weak process, low transparency, and perceived unfairness. Drawing on insights from high-stakes multilateral summits and 40+ years of negotiation practice with companies, Dr. Kai Monheim shares a leader’s playbook to move beyond positions, uncover interests, and design negotiations that create better outcomes and stronger relationships.",SL074
keynote,Keynote,From Concrete Ideas to Global Impact: The Nobel Prize-Winning Science Reshaping Construction,"What if we could build with 80% less material and 90 % less CO₂? Prof. Dr. Manfred Curbach made it reality—winning the Nobel Sustainability Award 2025. For 30 years, he pioneered carbon-reinforced concrete: 4x lighter, 4x stronger than traditional concrete. His CUBE building in Dresden proves sustainable construction works at scale. Hear how persistence turned a radical idea into industry transformation, lessons from leading a €50M research consortium with 160+ partners, and what scientists and sciencepreneurs need to know about translating research into real-world impact. And the next step will revolutionize the automation of building reinforced concrete as an answer to increasing building costs and labor shortage.",SL168
keynote,Keynote,From Lab to Impact - How Hamburg Builds Deep Tech Infrastructure,"How do you turn scientific breakthroughs into real companies?

In this talk, Arik Willner shares how Hamburg is building the structures needed to move from research to scalable ventures. Drawing on his experience at the intersection of science, industry, and venture building, he outlines what Deep Tech really needs to succeed.

The key insight: it’s not a lack of ideas - it’s a lack of infrastructure.
And that is exactly what Hamburg is starting to build.",SL136
keynote,Keynote,From Lab to Market: How to Build a Hardware Prototype in Less Than 6 Months,"Hardware is hard - but it doesn't have to take years. GoodBytz CEO Dr. Hendrik Susemihl built AI-powered kitchen robots from concept to deployment in record time. His playbook: how to move from lab prototype to market-ready hardware in under six months. Supplier strategies, iteration cycles, testing shortcuts, and the biggest mistakes to avoid. A masterclass for deep tech founders who want to ship faster without compromising quality. Practical, actionable, battle-tested.",SL152
keynote,Keynote,From Lithium Dependency to European Sovereignty - Breaking Free from China's Battery Monopoly,"Europe is addicted to Chinese batteries - and lithium. CMBlu CEO Constantin Eis is building the alternative: organic flow batteries that don't need rare earths. How material science and AI are rewriting energy storage, why lithium won't dominate forever, and what Europe must do to regain sovereignty. A masterclass in deep tech innovation, supply chain independence, and the race to build the battery technology that will power our energy transition - without China.",SL147
keynote,Keynote,From Opportunity to Orbit - Space as Europe’s Next Growth Engine,"Europe's space economy is heading toward a trillion-euro revolution. Christine Klein, Acting Director at ESA reveals how commercial space is becoming one of Europe's fastest-growing industries. Learn why investments are skyrocketing, how ESA fuels innovation with 160+ partners, what career paths exist beyond Earth, and where Europe's biggest opportunities lie in the new space race. Space is no longer science fiction—it's Europe's next economic powerhouse.",SL142
keynote,Keynote,Future Skills - Was dich in 5 Jahren noch relevant macht,"Diese Keynote gibt Dir Orientierung in einer Arbeitswelt, in der KI Einstiegsrollen neu verteilt und du trotzdem (oder genau deshalb) Gestaltungsmacht hast.

Als CCO einer Hochschule, die lebenslanges Lernen, Praxisprojekte und Zukunftstechnologien konsequent ins Studium baut zeigt Robin, was heute wichtig ist um in einer sich immer schneller technifizierenden Welt erfolgreich zu sein.",SL113
keynote,Keynote,Future-Fit Mindsets: Skills for a Career That Lasts,"Karrierewege waren mal planbar: Abschluss, Einstieg, Aufstieg. Heute werden Technologien, Rollen und Erwartungen ständig neu geschrieben - und genau darin liegt deine Chance: Nicht der Titel macht dich zukunftssicher, sondern dein Mindset und die Skills, die dich durch Wandel tragen.

Das nimmst du mit: 
- Welche Future Skills wirklich zählen (und wie du sie im Alltag gezielt aufbaust) 
- Wie du Karriere aktiv gestaltest, wenn es keinen „Standardweg“ mehr gibt 
- Wie du mit KI produktiver zusammenarbeitest, statt gegen sie anzukämpfen 
- Warum die Zukunft weiblicher wird - und was es braucht, damit sie auch fairer wird 
- Was 100 Jahre Corporate Transformation über Anpassungsfähigkeit, Verantwortung und Leadership lehren 

Du gehst raus mit klarer Richtung: Du kannst Zukunft gestalten - und deine Rolle darin bewusst wählen.",SL097
keynote,Keynote,Führung ist keine Einbahnstraße: So wirkt dein Einfluss heute wirklich,"Führung fühlt sich oft an wie „oben entscheidet, unten folgt“. Die aktuelle Forschung zeigt: Leadership entsteht in der Wechselwirkung - jeden Tag, in jeder Situation, zwischen dir, deinem Team und dem Kontext.

Das nimmst du mit:

- Was moderne Führungsforschung heute wirklich unter „erfolgreicher Führung“ versteht - jenseits von Charisma-Mythen 
- Welche konkreten Verhaltensweisen Führungskräfte **und** Mitarbeitende nutzen können, um sozialen Einfluss zu nehmen 
- Wie Führung und Teamprozesse in Einklang gebracht werden können

Der Talk basiert auf aktueller Forschung und Beispielstudien und macht sie so greifbar, dass du sie direkt in deinem Leadership-Alltag testen kannst. Gestalte Führung nicht als Titel - sondern als gemeinsame Verantwortung.",SL080
keynote,Keynote,Going Mental: What 23 Years of Elite Performance Taught Me About Excellence,"Olympic champion. Three-time Ironman World Champion. The only athlete to win both. Jan Frodeno spent 23 years mastering elite performance—and learned that success isn't about talent alone. It's about preparation, mental strength, and controlling what you can. In this keynote, Jan shares the strategies that took him to the top: how to handle pressure, why details matter, and how to build a mindset that wins—in sport, business, and life. Real insights from someone who's been at the edge and knows what it takes to push through.",SL062
keynote,Keynote,Hamburg 2040 - Eine Stadt denkt Zukunft,"Wie sieht Hamburg in 15 Jahren aus? Zweite Bürgermeisterin Katharina Fegebank, HHLA-Arbeitsdirektor Torben Seebold und Hauptgeschäftsführer der Handelskammer Dr. Malte Heyne entwerfen die Vision: klimaneutral, digital, lebenswert. Wie transformieren wir Hafen, Mobilität und Wirtschaft? Welche Rolle spielt Hamburg als europäische Tech-Metropole? Ein inspirierendes Gespräch über Stadtentwicklung, Nachhaltigkeit und die Frage: Wie gestalten wir die Zukunft, statt sie zu erleiden?",SL052-2
keynote,Keynote,How to Build a Defensible Software Company in 2026,"A junior developer with a good prompt can ship an MVP in a weekend. AI writes the code, designs the UI, handles the onboarding. The barrier to building software has never been lower.

Which also means: the barrier to copying yours has never been lower either.

Whether you are building a product, leading a tech team, or deciding where to place your bets as a future leader, this is the question you will not be able to avoid: what actually creates lasting value in software when the code itself is no longer the hard part?

Dr. Markus Wübben has spent 17 years at the intersection of machine learning and business, built a Customer Data & Prediction Platform from zero to acquisition, and now advises companies navigating the AI transition. He breaks down what actually creates defensibility in 2026: proprietary data, deep vertical knowledge & integration, speed of learning loops, and the kind of distribution that no AI can replicate overnight.

You will leave with a clear mental model for stress-testing any software bet against the AI commoditization wave, and a concrete framework for where to dig the moat before someone else fills it in.",SL117
keynote,Keynote,Hyperautomation - Das nächste Level der Digitalen Transformation,"Digitalisierung war gestern - jetzt kommt der nächste Gamechanger. Hyperautomation entfesselt das volle Potenzial aus Automatisierung, Daten und KI und macht Prozesse radikal smarter. Erlebt, wo der größte Hebel liegt und wie Unternehmen damit echte Durchbrüche erzielen. Mit spannenden, bereits produktiven Use Cases zeigen wir, wie Zukunft heute schon Realität ist.
Das nimmst du mit:

- Woran du erkennst, welche Prozesse wirklich Hyperautomation-ready sind (und wo der größte Hebel liegt)
- Wie du Use Cases so priorisierst, dass sie schnell Nutzen liefern und trotzdem strategisch passen
- Welche Rollen, Skills und Governance es braucht, damit Verantwortung, Compliance und Tempo zusammengehen
- Wie produktive End-to-End-Beispiele aussehen - von der Datenbasis bis zur KI-Entscheidung im Prozess
- Welche ersten Schritte du in deinem Bereich sofort anstoßen kannst, ohne auf „das große Programm“ zu warten

Du bekommst Einblicke aus bereits produktiven Setups und lernst, wie du Hyperautomation in Leadership übersetzt: als klare Richtung statt Aktionismus. Gestalte Zukunft aktiv - dort, wo Ambition auf Richtung trifft.",SL087
keynote,Keynote,Impossible Cloud: So baust du ein Tech Unicorn aus Deutschland,"Wie entsteht aus einer Idee ein global skalierbares Tech-Unternehmen „Made in Germany“? In diesem Vortrag gibt Dr. Christian Kaul Einblicke in den Aufbau von Impossible Cloud - von der ersten Vision bis zur internationalen Expansion.

Im Mittelpunkt stehen zentrale Erfolgsfaktoren wie die Entwicklung eines klar differenzierten Produkts, der Fokus auf digitale Souveränität und europäische Compliance sowie der Aufbau eines skalierbaren Geschäftsmodells in einem von globalen Cloud-Anbietern dominierten Markt. Dabei wird gezeigt, wie technologische Innovation, Partner-Ökosysteme und transparente Preismodelle kombiniert werden, um nachhaltiges Wachstum zu erreichen.

Der Vortrag beleuchtet außerdem die Herausforderungen beim Aufbau eines Deep-Tech-Startups - von Finanzierung und Go-to-Market-Strategien bis hin zur internationalen Skalierung und Positionierung im globalen Wettbewerb.

Ein praxisnaher Blick hinter die Kulissen eines schnell wachsenden Cloud-Unternehmens und die Frage: Was braucht es, um aus Deutschland heraus ein Tech-Unicorn zu bauen?",SL167
keynote,Keynote,Jenseits von Tools und Agenten: Wie KI das Betriebssystem unserer Arbeit wird,"Felix Schlenther hat 25 KI-Mitarbeiter aufgebaut - und sie alle wieder entlassen. In seiner Keynote zeigt der Gründer von AI FIRST, welcher Paradigmenwechsel nötig ist, damit KI im Unternehmen skalierte Wirkung entfaltet. Eine ehrliche Reise durch drei Jahre Trial & Error - mit einem klaren Blueprint für das, was als Nächstes kommt.",SL111
keynote,Keynote,Karriere war nie das Ziel: Mit Leidenschaft und Haltung in den Vorstand!,"Von Referentin zur Vorständin - aber nicht nach Plan. Katja Groß, Vorstand Personal & IT bei Fielmann, erzählt, wie sie ohne klassischen Karriereplan nach oben kam. Ihre Erfolgsformel: Leidenschaft statt Strategie, Haltung statt Anpassung. Wie man authentisch führt, in männerdominierten Strukturen besteht und warum der Weg wichtiger ist als das Ziel. Ein inspirierendes Plädoyer für alle, die Karriere anders denken wollen.",SL045
keynote,Keynote,Kaufen statt Gründen: Der alternative Weg zum eigenen Unternehmen,"Eine ganze Generation von Unternehmer:innen übergibt gerade das Steuer - und damit die Chance, Verantwortung zu übernehmen, ohne bei null zu starten. Unternehmensnachfolge ist kein „Plan B“, sondern ein direkter Weg zu Leadership, Wirkung und stabilem Fundament: bestehende Kund:innen, eingespielte Teams, echter Cashflow.

Das nimmst du mit:
- Wie du ein passendes Übernahme-Ziel findest: Kriterien, Deal-Sourcing und realistische Branchenchecks 
- Welche Zahlen wirklich zählen: Cashflow-Logik, Risiken erkennen, Qualität von Kund:innen & Team einschätzen 
- Wie Finanzierung konkret funktioniert: Modelle, Gespräche mit Banken/Investor:innen, typische Strukturierung 
- Wie du Fallstricke vermeidest: Due Diligence, Übergabephase, Kultur & Rollenwechsel als neue Führungskraft 
- Wie du dich mental auf Ownership vorbereitest: Entscheidungen treffen, Verantwortung tragen, Community nutzen

Der Talk verbindet konkrete Schritte mit ehrlichen Learnings aus eigener Nachfolge-Erfahrung - damit du aus Ambition Richtung machst: *Where ambition meets direction*.",SL095
keynote,Keynote,KI und die Zukunft - wie wird Künstliche Intelligenz die Welt verändern,"Werden wir alle unsere Jobs verlieren? Elisabeth zeichnet zwei mögliche Zukunftsvisionen auf wie sich die Welt dank künstlicher Intelligenz verändern wird, wie der Einfluss auf den Menschen und das menschliche Gehirn sein könnte und wie der Arbeitsmarkt disruptiert werden wird.",SL056
keynote,Keynote,KI vs. Mensch: Welche Intelligenz bestimmt die Zukunft?,"Wie verändert KI unsere Arbeitswelt, unser Verständnis von Sinn und Verantwortung? Richard David Precht analysiert die gesellschaftsphilosophischen Folgen der Digitalisierung: Welche Chancen eröffnet KI für Innovation und Fortschritt? Wo liegen die Grenzen maschineller Intelligenz? Was macht den Menschen unersetzbar? Precht zeigt, dass KI kein Schicksal ist, sondern ein gestaltbarer Prozess. Ein inspirierender Ausblick für Talente, die die Zukunft aktiv mitgestalten wollen - technologisch versiert, ethisch reflektiert, zukunftsfähig.",SL174
keynote,Keynote,Klartext statt Klischees: Lasst uns über Geld reden,"Wer Inkasso hört, hat direkt Bilder im Kopf. Aber wie tickt diese Branche wirklich, die kaum jemand auf dem Zettel hat? Juliane Schmid leitet eines der größten Inkassounternehmen Deutschlands und gibt Einblicke in die Branche und ihren eigenen Weg: Wie macht man Karriere, ohne einen Masterplan zu haben? Warum sind Fehler wichtig? Und was ist der wichtigste Skill, der sie am weitesten gebracht hat?",SL123
keynote,Keynote,Krise oder Chance? Lohnen sich Startups im Mobility Sektor noch?,"Der Mobility-Sektor gilt als kapitalintensiv, reguliert und schwer zugänglich - doch genau hier entstehen gerade die spannendsten Chancen für die nächste Generation von Gründern. In dieser Session zeigt ein Venture Studio, wie es Einstiegshürden systematisch abbaut: durch gezielte Problemfindung statt blinder Ideensuche, durch Fokus auf die Bereiche der New Mobility mit dem größten Hebeleffekt, und durch ein Netzwerk, das Türen öffnet, die kein Studium und kein Accelerator alleine aufschließen kann.",SL161
keynote,Keynote,Laser Fusion Made in Germany - Why Deep Tech Is the Future,"Fusion energy could solve one of humanity’s greatest challenges - if we can make it work. Marvel Fusion is developing laser fusion reactors in Germany, combining cutting-edge physics with industrial-scale ambition.

Why deep tech is more complex, slower, and riskier than software - yet essential to tackling climate change, energy security, and other existential challenges. A rare look inside one of Europe’s most ambitious moonshots, and why the future belongs to founders who think in decades, not quarters.",SL143
keynote,Keynote,Lead Yourself First: Who am I as a leader?,"Every leadership program teaches you how to manage other people. Almost none teach you how to manage yourself. But self-leadership is the foundation — without it, everything else is built on sand. Still, most new leaders skip the hard question: who am I as a leader?

Brian Tomlinson, who not only is Head of Content at Staffbase but also has several years of experience at Hapag-Lloyd AG and Engel & Völkers, will guide you through this inspiring keynote which will change your view on leadership: It is not about learning the right management techniques, but rather about knowing who you are, what you stand for, and how to operate — independent of any title. 
The viewers view will shift from ""How do I become a leader?"" to ""I already am one — now I need to build on that."" You will leave with a framework (Clarity → Growth → Impact) that applies whether you are leading a team of two or building a company.",SL075
keynote,Keynote,Leadership in der Tech-Welt: Warum Emotionale Intelligenz der unterschätzte Karrierefaktor ist,"In ihrem Vortrag zeigt Sarah al Dujaili, warum emotionale Intelligenz in der Tech-Welt ein oft unterschätzter Karrierefaktor ist. Sie beleuchtet, wie Selbstwahrnehmung, Empathie und soziale Kompetenz in datengetriebenen Organisationen über Einfluss, Zusammenarbeit und beruflichen Erfolg mitentscheiden. Dabei macht sie deutlich, dass wirksame Führung nicht nur auf Fachwissen und Leistung basiert, sondern ebenso auf der Fähigkeit, Menschen zu verstehen, Vertrauen aufzubauen und Beziehungen bewusst zu gestalten.",SL115
keynote,Keynote,Leadership ohne Filter: Infrastruktur. Verantwortung. Zukunft.,"Infrastruktur ist unsichtbar - bis sie ausfällt. Marcel de Groot, CEO von Vodafone, verantwortet eine der komplexesten Telekommunikationsunternehmen Europas. Wie führt man in Krisenzeiten? Wie trifft man Entscheidungen, wenn Millionen Menschen betroffen sind? Ein seltener Einblick in Leadership unter Extrembedingungen: Verantwortung, Resilienz und die Frage, wie wir die Infrastruktur von morgen bauen - nachhaltig, digital und menschenzentriert.",SL044
keynote,Keynote,Leadership: Was viele sich nicht trauen auszusprechen,"Die meisten Organisationen scheitern nicht an Strategie.
Sie scheitern daran, dass niemand klar ausspricht, was nicht funktioniert.

Dominique Jäger spricht genau darüber.

Ohne Buzzwords, ohne Schönreden zeigt sie, warum Führung oft nicht an Menschen scheitert, sondern an Strukturen, Machtmustern und Entscheidungen, die nicht getroffen werden.

Denn das eigentliche Problem ist nicht fehlende Haltung.
Es ist fehlende Konsequenz.

Das nimmst du mit:

Warum in vielen Organisationen klar ist, was falsch läuft — aber niemand es ausspricht
Welche Muster Führung blockieren, obwohl alle „engagiert“ sind
Warum Kultur kein Soft-Thema ist, sondern darüber entscheidet, ob Strategie umgesetzt wird
Was es wirklich bedeutet, Verantwortung zu übernehmen — auch ohne Titel
Warum Veränderung erst passiert, wenn Entscheidungen getroffen werden
Du gehst nicht nur mit Inspiration, sondern mit Klarheit darüber, was in Organisationen nicht funktioniert und was DEIN Beitrag sein kann.",SL066
keynote,Keynote,Movements > Marketing - Was Startups von Wahlkampfkampagnen lernen können,"Wahlkämpfe sind die härtesten Märkte der Welt: Winner takes all, knappes Budget, hoher Druck. Kampagnenberater Julius van der Laar hat Obama, Scholz und Dutzende Politiker zum Sieg geführt. Seine These: Startups brauchen keine Werbekampagnen - sie brauchen Movements. Wie man Communities mobilisiert, Narratives setzt und aus Early Adopters Evangelists macht. Storytelling, Momentum und Psychologie - die Geheimwaffen erfolgreicher Kampagnen, übersetzt für Gründer*innen. Außerdem gibt es noch einen kurzen Ausblick auf die Midterms und die aktuelle Lage in den USA.",SL042
keynote,Keynote,Mutter aller Probleme,"Für die einen ist sie die ""Mutter aller Probleme"", für die anderen die einzige Lösung der demografischen Probleme. Es wird so viel über Migration gesprochen wie über kaum ein anderes Thema. Zugleich ist das Wissen über Migration außergewöhnlich schwach ausgeprägt. Dieser Vortrag fasst zentrale Zusammenhänge und überraschende Befunde zusammen und wagt einen Blick in die Zukunft.",SL049
keynote,Keynote,Never Stop. 3 Lessons From Building Europe's Backbone.,"Ever wondered what it takes to build a successful company from scratch? Julian shares hands-on, most critical practices and ideas from building a multi-million software business in a niche market (construction) - aimed at empowering you to succeed, too, on your journey of building company (whether as founder or as part of a team).",SL148
keynote,Keynote,Next Generation Public Service: Deine Rolle in der Verwaltung von morgen,"Viele denken bei Verwaltung zuerst an Aktenberge und Sachbearbeitung, dabei gibt es in der FHH zahlreiche spannende und vielfältige Aufgaben. In unserem Vortrag zeigen wir, wie modern und sinnstiftend die Arbeit in der Verwaltung eines Stadtstaates sein kann: Von Digitalisierung und Klimaschutz über Stadtentwicklung bis zu sozialen Innovationen. Wer für Hamburg arbeitet, gestaltet das Leben von 1,9 Millionen Menschen aktiv mit. Vor allem bietet die Verwaltung die Möglichkeit, die Zukunft unserer Stadt maßgeblich mitzugestalten und Hamburg weiterzuentwickeln. Entdecke verschiedene Karrierewege, innovative Projekte und erfahre, warum die Verwaltung für Menschen aus ganz unterschiedlichen Fachrichtungen interessante Perspektiven bietet.
Das nimmst du mit: 
- Welche Themen du in Hamburg konkret mitgestalten kannst - von Digitalisierung über Klimaschutz bis Stadtentwicklung und soziale Innovation 
- Wie Wirkung in der Verwaltung entsteht: Entscheidungen, Prozesse und Zusammenarbeit, die 1,9 Millionen Menschen betreffen 
- Welche Karrierewege es gibt (auch für Quereinsteiger:innen) und wie du passende Stationen für deine Stärken findest 
- Welche Future Skills dort besonders zählen: Verantwortungsübernahme, Stakeholder-Management, systemisches Denken und Umsetzungsstärke 
- Wie innovative Projekte in der Verwaltung entstehen - und wie du dich einbringen kannst

Die Speaker:innen arbeiten nah an den Projekten und zeigen dir Praxisbeispiele statt Klischees. Geh raus mit dem Gefühl: Du kannst Zukunft gestalten - und Verwaltung kann genau dein Spielfeld dafür sein.",SL089
keynote,Keynote,Potenzial schlägt Prompt: Wie du in der KI-Ära unersetzlich wirst,"Alles beginnt im Innen! In dieser Session zeigt Unternehmerin und Executive Coach Ragnhild Struss, was die meisten ambitionierten Menschen über Karriere in der KI-Ära noch unterschätzen: der entscheidende Wettbewerbsvorteil ist im Menschen selbst verankert.
Sie zeigt, wie High Performer ihre Persönlichkeit in ein klares Profil übersetzen und ihren Erfolg durch den konsequenten Einsatz ihrer „Human Edge“ aufbauen. 

Die Teilnehmenden lernen, ihr echtes Potenzial zu erkennen. Sie erfahren, welche Core Skills in der KI-Ära zu den stärksten Karrierehebeln werden und wie Top Executives daraus Sichtbarkeit und Wirkung generieren. Die Session verbindet psychologische Tiefenschärfe mit klaren Karriere-Strategien und zeigt sehr konkret, wie man aus Persönlichkeit einen Vorsprung macht, der nicht austauschbar ist.",SL068
keynote,Keynote,Quit your Bullshit Job! Warum du deinen Job kündigen solltest,"Zu viele Menschen gehen einer Beschäftigung nach, die sinnlos ist. Zu viele verschwenden ihr Talent für Dinge, die keiner braucht. Warum du deinen Job kündigen solltest. Und was wirklich zählt, wenn du dich fragst: Was für ein Mensch will ich gewesen sein?",SL073
keynote,Keynote,Raising 100M+ in EnergyTech: Worauf es aus Sicht der Investoren ankommt,Welche Finanzierungsmöglichkeiten gibt es für junge Unternehmen im Energiesektor - auch jenseits des klassischen Venture Capital? Und was macht ein EnergyTech-Unternehmen interessant für die Investoren? In dieser Keynote gibt Stefan Witte von A&O Shearman Einblicke in die aktuellen Marktentwicklungen im Bereich EnergyTech. In welchen Bereichen in Europa und weltweit wird derzeit investiert? Und worauf achten Investoren bei EnergyTech-Investments? Welche Pitfalls sollten EnergyTech-Unternehmen vermeiden?,SL124
keynote,Keynote,Raus aus den Silos & rein in die Verantwortung. Warum die Digitalisierung bei EDEKA auf vernetzte Teams setzt.,"In der digitalen Transformation zählen nicht Einzelkämpfer, sondern Teams, die verschiedene Fähigkeiten bündeln und gemeinsam Verantwortung übernehmen. 
In diesem Talk zeigt Christopher Schmidt, Teamlead CRM von EDEKA, warum interdisziplinäre Zusammenarbeit der Schlüssel ist, um Silos aufzubrechen, Prozesse zu beschleunigen und Innovationen erfolgreich umzusetzen. So entsteht echter Wettbewerbsvorteil im viel umkämpften Lebensmittelhandel.",SL098
keynote,Keynote,Raus aus der Komfortzone: Was Hochleistungssport mit Karriere verbindet,"Im Triathlon lernst du schnell: Nicht der perfekte Start zählt, sondern wie du mit Unvorhersehbaren umgehst, mit Momenten, wenn du komplett auf dich allein gestellt bist, und was Fokus und Leidenschaft möglich machen können. Genau diese Haltung aus seinem Hochleistungssport trägt großen Anteil zu seiner Karriere von der Dynamik der Unternehmensberatung bis hin zur heutigen jungen Führungskraft im internationalen Konzern. 
In diesem Talk bekommst du einen ehrlichen Blick hinter die Kulissen von Leistungsfähigkeit, Entscheidungen und Selbstführung - ohne Heldengeschichte, aber mit klaren Prinzipien, die du direkt anwenden kannst.

Das nimmst du mit:
- Wie du Zielklarheit aufbaust, ohne dich in Dauer-Performance zu verlieren 
- Routinen für Fokus, Energie und mentale Stabilität im Arbeitsalltag 
- Wie du Rückschläge als Erfahrung für deine Weiterentwicklung nutzt und konsequent dranbleibst 
- Wie du Verantwortung übernimmst, auch wenn du nicht alles kontrollieren kannst 

Er spricht darüber aus gelebter Praxis - aus Sport, Beratung und Leadership. Geh raus und gestalte deinen Weg: mutig, reflektiert, wirksam.",SL090
keynote,Keynote,Scaling Smart: Exploring Financing Options for Hypergrowth,"Rapid growth is not just a matter of luck - it is the outcome of thoughtful financing strategies. In the race to scale, startups face critical choices about how to fund expansion, develop new products, and enter new markets. This keynote explores the evolving landscape of financing options for hypergrowth startups, from equity and venture capital to innovative solutions like Growth Credit. Discover how combining different types of capital can strengthen your company’s financial foundation, optimize resources, and empower you to make bold strategic moves. Growth Credit stands out as a powerful tool that allows founders to accelerate growth without giving up control. Learn how to unlock new opportunities, maximize your momentum, and build a scaling strategy that fits your vision.",SL144
keynote,Keynote,State of Democracy 2026: Are We Still Okay?,"Die Demokratie ist eine der Grundfesten unseres Staates und unserer Gesellschaft. Im Grundgesetz ist das Demokratieprinzip in der sogenannten Ewigkeitsklausel fest verankert und von jeglicher Gesetzesänderung ausgenommen. Trotz dessen ist Demokratie keine Selbstverständlichkeit, sondern ein immer wieder zu pflegendes Gut, dass sich mit jedem Tag verändert und neu erfindet. So stellte Helmut Schmidt einst fest: „Demokratie ist kein Zustand, Demokratie ist ein Prozess.“ Doch wo stehen wir 2026 in diesem Prozess? Machen wir das gut? Und was können wir für die Demokratie in Deutschland tun? Diesen Fragen widmet sich der Historiker Andreas Wirsching in einer tiefgreifenden Bestandsaufnahme.",SL128
keynote,Keynote,State of Industries 2026 - Where the Jobs Are And Opportunities Arise,"Der Arbeitsmarkt verändert sich rasant - aber wo genau entstehen die Chancen? In dieser Keynote liefern wir einen datenbasierten Überblick über die Branchen, die 2026 boomen, wo Talente am stärksten gesucht werden und welche Skills den Unterschied machen. Mit aktuellen Zahlen, Trends und Prognosen aus Recruiting, Talent-Markt und Wirtschaftsforschung - und konkreten Takeaways, die Young Professionals direkt für ihre Karriereplanung nutzen können.

Das nimmst du mit: 
- Welche Branchen und Job-Familien 2026 besonders stark einstellen - und warum 
- Wie du Talent-Trends (z. B. Skill-Shifts, Gehalts- & Standortdynamiken) für deine Entscheidungen nutzt 
- Welche Future Skills in welchen Feldern den größten Hebel haben - von AI-Literacy bis Stakeholder-Management 
- Ein einfaches Vorgehen, um deine nächsten 12-18 Monate strategisch zu planen (Rollen, Skills, Lernpfad) 
- Konkrete Signale aus Recruiting- und Marktdaten, mit denen du Hypes von echten Chancen unterscheidest 

Die Insights basieren auf aktuellen Analysen aus Recruiting, Talent-Markt und Wirtschaftsforschung. Du gehst raus mit Richtung - und dem Mut, deine Karriere aktiv zu gestalten: Where ambition meets direction.",SL088
keynote,Keynote,Stop Managing. Start Moving People. Neuropsychologie wirksamer Führung,"Führung lässt mit den richtigen Hacks echte Bewegung bei Menschen entstehen.
In dieser Keynote lernst du, wie du über Emotion, Wahrnehmung und Klarheit Wirkung erzeugst, Verhalten aktiv gestaltest und Führung spürbar wirksam machst.
Carolin Adler ist Chief Perspective Officer der Wings & Vision GmbH und war selbst viele Jahre in Führungsrollen auf Konzernebene tätig.
In dieser Keynote verbindet sie neuropsychologische Tiefe mit radikal pragmatischen Umsetzungstipps.

Das nimmst du mit:
- Wie gehirngerechte Führung funktioniert und du mit neurobasierten Hacks sofort Wirkung erzielst
- Wie du mit kleinen, gezielten Interventionen in der Führungskommunikation Verhalten steuerst und Dynamiken aktiv gestaltest
- Konkrete Tools für mehr Klarheit, Präsenz und Wirkung, direkt im nächsten Meeting anwendbar",SL078
keynote,Keynote,Suddenly in Charge - being a Teamlead at young age,"In this inspiring keynote Cosima Gulde, Innovation Ecosystem Lead at Siemens, will talk about her first experiences as a teamlead and the challenges she is dealin with. Cosima will give great insides on the fundamental questions she is facing as a young leader, such as: How do I lead a team in times where technology and career paths are changing constantly? How do I lead people who used to be my colleagues or are the same age as I am? And: At what point do I as a teamlead need to let go off a team member which is outperforming?

In this talk, Cosima will combine her great interest in how technology changes the way we work, decide and collaborate and her knowledge of leading a team at young age. A must for every young leader.",SL067
keynote,Keynote,Synchronizing Clocks: From Circadian Biology to Entrepreneurship,"Our bodies run on internal clocks - and understanding them could revolutionize medicine. From breakthrough research at EMBL to founding TimeTeller®, this is the story of turning circadian biology into a startup. How do you commercialize fundamental science? Navigate the gap between lab and market? And why timing - literally - is everything in both biology and business. A fascinating journey from discovery to venture, showing how deep science becomes deep tech.",SL151
keynote,Keynote,The Power of Art: How To Visualize Impact,"Ökosysteme auf ewig abgrenzen, die Balance zwischen Mensch und Natur wiederherstellen und damit die Zukunft neu definieren - das ist die Vision von Joschua Gumpert. Er präsentiert die Idee seiner immersiv-futuristischen Ausstellung WE DRAW THE LINE, in der er seine Kunst mit wissenschaftlichen Erkenntnissen verknüpfen und eine neue Welt initiieren möchte.",SL134
keynote,Keynote,The rules have changed. Here's how to win anyway.,,SL119
keynote,Keynote,The Truth Crisis: Navigating AI in Media,"„Is it AI?“ - das ist wohl eine der häufigst gestellten Fragen in den Kommentarspalten von Instagram und TikTok. Ein Beleg dafür, dass künstliche Intelligenzen eine noch nie dagewesene Möglichkeiten bieten, Aufnahmen und Bilder in authentischer Qualität zu erzeugen oder zu verändern. „Is it AI?“ steht aber nicht nur für diese Innovation, sondern gleichsam für die Vertrauenskrise, die KI-Tools in Bereichen wie der Nachrichtenberichterstattung ausgelöst haben. In einer beeindruckenden Keynote zeigt Ole Reissmann, Leiter Künstliche Intelligenz beim SPIEGEL, wie KI die Medienlandschaft verändert und welche Chancen im Gegenzug daraus erwachsen.",SL131
keynote,Keynote,There Is No Finish Line: Karriere & Leadership in Tech - Perspektiven eines CIO,"Manche Karrieren wirken von außen wie ein gerader Aufstieg. Von innen sind sie oft eine Reihe kluger Moves - bis du merkst, dass du nicht mehr für deine eigenen Gründe läufst.

Oliver Gebien nimmt dich mit in seinen Weg durch Consulting, Tech und Luxury Goods (u. a. BCG, Microsoft, Montblanc) bis zu seiner Rolle als CIO bei Sportfive - und teilt ehrlich, wo er Entscheidungen aus Status statt aus Klarheit getroffen hat, wann er bewusst neu ausgerichtet hat und warum genau das heute der Kern von Leadership in der KI-Ära ist.

Das nimmst du mit:
- Wie du Selbstkenntnis als Future Skill aufbaust, statt nur dein Skill-Set zu stapeln 
- Wie du Karriereentscheidungen triffst, die zu dir passen - nicht nur zu deinem Lebenslauf 
- Warum menschliche Führung mit KI wichtiger wird: Orientierung, Urteilskraft, Verantwortung 
- Wie du in Tech wirksam führst, auch ohne der beste Engineer im Raum zu sein 

Du gehst raus mit mehr Richtung - und dem Mut, sie selbst zu setzen (Where ambition meets direction).",SL114
keynote,Keynote,Turn Your Talent into the Right Direction,"Du hast Skills, Energie, Potenzial - aber weißt du, wohin du willst? Diese Keynote hilft dir, Klarheit zu gewinnen: Wie erkennst du, welcher Weg der richtige für dich ist? Wie verbindest du deine Talente mit echtem Impact? Und wie triffst du Entscheidungen, die dich weiterbringen - beruflich und persönlich? Ich teile konkrete Strategien, Fragen und Impulse, um deine Karriere bewusst zu gestalten. Für alle, die nicht dem Zufall überlassen wollen, wo sie in 5 Jahren stehen. Klar, umsetzbar, motivierend.",SL175
keynote,Keynote,Upgrade required: Warum im KI-Zeitalter dein Mindset wichtiger ist als jedes Software-Update,"KI ist kein reines Technologie-Thema - sie ist ein Karriere-Thema.
Während sich die Fähigkeiten von KI immer schneller entwickeln, entscheidet heute vor allem eines über beruflichen Erfolg: das richtige Mindset.
Der Vortrag zeigt, wie KI Karrierewege verändert, warum klassische Einstiegslogiken bröckeln und welche Denkweisen Berufseinsteiger, Young Leaders und Gründer jetzt brauchen, um nicht ersetzbar, sondern relevant zu bleiben.
Klar, ehrlich und mit konkreten Impulsen für die eigene Laufbahn.",SL116
keynote,Keynote,Venture or Vanish - Lifting European Assets Back to Global Strength,"Europe stands at a critical crossroads: manage a gradual economic decline or engineer a bold industrial comeback. This session explores why strategic corporate venturing is an ultimate lever to reverse the tide and reclaim our competitive edge. Drawing on the journey of Jungheinrich and its venturing unit Uplift Ventures, we discuss how to transform deep-rooted industrial assets into high-tech springboards - proving that the path to global strength is not built from scratch but lifted from the very potential Europe already owns.",SL145
keynote,Keynote,Vom Meme-Creator zum Director: Wie du aus kreativer Energie Verantwortung machst,"Marius Notter hat die Karriereleiter vom „wandelnden Social Media Klischee“ zur Direktorenebene erklommen. Vom Redakteur, der sich für Klicks Bälle ins Gesicht werfen ließ, über das Erfinden von „Alman Memes 2.0“ bis zum Director Creative Innovation bei fischerAppelt. Was als Frust über ignorierte Trends und starre Strukturen in klassischen Redaktionen begann, entwickelte sich zu einer der größten deutschen Meme-Seiten mit eigener Community, Spiegel-Bestsellern und großen Marken-Kooperationen.

Heute nutzt er diese Erfahrung um Marken zu zeigen, dass positive Reichweite vor allem durch eines entsteht: wirklich gemocht zu werden. 

In seinem Slot zeigt er, wie man den Blick für künftige Entwicklungen schärft und kreative Energie in eine strategische Rolle überführt

Das nimmst du mit: 

Vom Trend Gespür zum Business-Modell: Wie du Entwicklungen wie „Vertical-first“ oder TikTok-Trends nicht nur erkennst, sondern strategisch verkaufst.

Reichweite durch Sympathie: Warum echte Markenwirkung nur entsteht, wenn man wirklich gemocht wird, und wie organischer Content das schafft.

Vibe Shift als Strategie: Wie du dich tief in Communities hinein fühlst, um das Image von Marken emotional komplett zu drehen.

Warum „Out-of-the-box“-Denken individuelle Kundenprobleme nachhaltiger löst als reine Daten-Media.

Social Media als Spiel: Wie du Algorithmen als Mitspieler begreifst und Rückschläge als neue Perspektiven nutzt.",SL177
keynote,Keynote,Welcome to all Future Leaders!,"Hamburg heißt die nächste Generation willkommen: Senatorin für Wirtschaft, Arbeit und InnovationMelanie Leonhard eröffnet den Future Leader Summit 2026 und gibt den Startschuss für zwei Tage voller Inspiration, Innovation und Impact. Sie zeigt, warum Hamburg der richtige Ort ist, um Karriere zu machen, Ideen zu verwirklichen und Verantwortung zu übernehmen. Ein motivierender Auftakt für alle Future Leaders, die nicht nur die Zukunft träumen, sondern sie bauen wollen.",SL038
keynote,Keynote,What's Your Dream? - How to Turn Ideas into Reality,"Dreams are worthless - unless you make them happen. Serial entrepreneur and TikTok sensation Simon Squibb has inspired millions to turn ideas into reality. How do you go from ""What if?"" to ""I'm doing it!""? Simon shares his best hacks, biggest failures, and the one question that changes everything: What's your dream? Motivating, inspiring, and packed with practical tools for everyone ready to finally start. Your dream is waiting - let's make it happen!",SL063
keynote,Keynote,Why AI Fails - and How Companies Finally Make It Pay Off,"95% of AI projects fail. Why? Process mining pioneer and computer science legend Wil van der Aalst reveals why AI without process understanding is worthless - and how companies finally achieve ROI from their AI investments. From hype to real impact: how to set up AI projects correctly, overcome data silos, and turn failed pilots into scalable solutions. A masterclass in applied AI - scientifically grounded, practical, and brutally honest.",SL041
keynote,Keynote,Wie du mit Speaking den mächtigsten Skill unserer Zeit nutzt,"Wenn jeden Tag mehr Content entsteht, als wir je konsumieren können, gewinnen nicht die Lautesten - sondern die Klarsten. In diesem Talk lernst du, wie du in Zeiten von KI Relevanz erschaffst, Vertrauen aufbaust und auf jeder Business-Bühne so sprichst, dass Menschen wirklich zuhören - und handeln.

Das nimmst du mit:

- Wie du aus deiner Expertise eine klare Message formst, die in 1 Satz hängen bleibt 
- Ein simples Framework, um KI als Sparringspartner für Story, Struktur und Beispiele zu nutzen - ohne generisch zu klingen 
- Wie du deine Zielgruppe in Sekunden abholst: Kontext, Nutzen, Haltung (statt nur Fakten) 
- Präsenz-Tools für Bühne & Meeting: Stimme, Pausen, Blickführung, klare Call-to-Action 
- Wie du mit Verantwortung kommunizierst: ehrlich, präzise, community-stärkend

Du profitierst von praxiserprobten Methoden aus Business-Kommunikation und Leadership-Kontexten, die Wirkung messbar machen. Geh raus und gestalte Relevanz bewusst - Where ambition meets direction.",SL079
keynote,Keynote,Zeitenwende konkret - Was Deutschland jetzt für seine Sicherheit tun muss,"Zeitenwende ist mehr als ein Wort - aber was bedeutet sie konkret? Sicherheitsexperte Sven Weizenegger über die neue geopolitische Realität und was Deutschland jetzt tun muss. Verteidigung, Cyberwar, kritische Infrastruktur: Wie schützen wir uns in einer instabilen Welt? Welche Rolle spielen Technologie, Innovation und Startups für die Sicherheit von morgen? Ein klarer, ungeschönter Blick auf die Herausforderungen - und was jede*r Einzelne beitragen kann.",SL055
keynote,Keynote,Ökosystem der Möglichkeiten: So schaffen die Unternehmen der Schwarz Gruppe Innovationen für sich und die Branche,"Wie begegnet man als Unternehmen dem ständigen Wandel der Gegenwart? Die Unternehmen der Schwarz Gruppe haben sich von klassischen Handelsunternehmen zu einem integrierten Ökosystem aus Handel, Technologie, Produktion und Logistik entwickelt. Als „Customer Zero“ entwickeln sie zunächst Lösungen für sich selbst und schaffen aus den eigenen Erfahrungen Innovationen, die auch anderen zugutekommen. So entsteht ein Ökosystem der Möglichkeiten, das zeigt, wie die Unternehmen der Schwarz Gruppe digitale Souveränität, Innovationskraft und Verantwortung leben und durch Voraushandeln Zukunft gestalten.",SL122
masterclass,Masterclass,AI Automation in Action: Mit ChatGPT & Make echte Workflows bauen,"Bitte hier bewerben: https://tinyurl.com/53f8nx2h

Früher hast du Aufgaben einfach abgearbeitet - heute kannst du dir Systeme bauen, die mitdenken. In dieser Masterclass zeigt dir Agency-Gründer Jens Bohse anhand echter Cases, wie du mit ChatGPT, Claude und Make in wenigen Minuten funktionierende Workflows aufsetzt und aus Ideen schnell umsetzbare Automationen machst.

Das nimmst du mit: 
- Wie du wiederkehrende Aufgaben im Studium oder Job in klare Workflows übersetzt - und automatisierst 
- Prompt- und Strukturprinzipien, mit denen du stabile Ergebnisse statt Zufall bekommst 
- „Vibe Coding“ praktisch: eigene kleine Tools bauen, testen und iterativ verbessern - ohne Perfektionismus 
- Konkrete Use Cases (Recherche, Content, Orga, Daten, Kommunikation), die dir sofort Zeit und Fokus zurückgeben 
- Ein Setup, das du direkt auf deine eigenen Projekte adaptierst

Jens bringt als Agenturgründer und in der Umsetzung mit ChefTreff genau die Praxis mit, die aus AI-Nutzung echte Verantwortung und Wirkung macht - damit du Zukunft aktiv gestaltest, statt nur drauf zu reagieren.",SL028
masterclass,Masterclass,AI Automation in Action: Mit ChatGPT & Make echte Workflows bauen,"Bitte hier bewerben: https://tinyurl.com/53f8nx2h

Du merkst es jeden Tag: Ideen sind schnell da - aber im Alltag fehlt oft die Zeit, sie sauber umzusetzen. In dieser Masterclass baust du mit Jens Bohse in kurzer Zeit funktionierende AI-Workflows, die dir Arbeit abnehmen und dir Raum für Wirkung geben.

Das nimmst du mit:

- Wie du ChatGPT, Claude und Make kombinierst, um wiederholbare Prozesse in Minuten statt Stunden aufzusetzen 
- Wie „Vibe Coding“ praktisch funktioniert: von der Idee über Prompts zu kleinen, nutzbaren Tools 
- 3-5 konkrete Use Cases für Studium und Job (z. B. Recherche, Content, Orga, Daten, Kundenanfragen) - inklusive Setup-Logik 
- Wie du Automatisierungen verantwortungsvoll baust: Qualität sichern, Fehlerquellen erkennen, Datenschutz mitdenken 
- Ein Framework, um eigene Workflows zu identifizieren, zu testen und iterativ zu verbessern

Jens bringt die Perspektive eines Agency-Gründers mit und zeigt gemeinsam mit ChefTreff echte Beispiele, die bereits im Alltag laufen. Du gehst raus mit dem Mut, nicht nur über Zukunft zu reden, sondern sie selbst zu bauen.",SL029
masterclass,Masterclass,AI Optimism - Imagining an Idealistic Future for the Age of AI,"Factory Berlin in collaboration with AI Builders
What ideas should founders work on? How will business and politics look like when everyone has AI agents working for them? What work will be left for humans to do? In this talk we will explore near-future and far-future scenarios, and practical tips to navigate the accelerating future.",SL164
masterclass,Masterclass,AI-Ready Mindset: Wie sich Jobprofile ändern - und du vorne mitspielst,"Bitte hier bewerben: https://tinyurl.com/53f8nx2h

KI ist längst kein Zukunftsthema mehr - sie verändert Entscheidungen, Teams und Karrierewege genau dort, wo du heute arbeitest. In dieser Masterclass wechselst du von „Was passiert da gerade?“ zu „Wie nutze ich das sinnvoll?“: mit Reality Checks, greifbaren Beispielen und einer Perspektive, die Lust auf verantwortungsvolle Gestaltung macht.

Das nimmst du mit:
- Ein klares Bild, was KI heute kann (und was nicht) - damit du sicherer entscheidest
- Konkrete Use Cases für deinen Arbeitsalltag und wie du sie auf Wirkung prüfst
- Die wichtigsten Future Skills im KI-Zeitalter (z. B. kritisches Denken, Prompting, Daten- und Ethikkompetenz) - und wie du sie gezielt aufbaust
- Leitplanken für verantwortungsvolle Nutzung: Qualität, Bias, Datenschutz, Transparenz
- Erste Schritte, um im Team eine KI-Lernkultur aufzubauen und Ownership zu übernehmen

Du gehst raus mit Klarheit, einem praktikablen Startplan und dem Mut, KI als Werkzeug für bessere Arbeit aktiv zu führen - statt sie nur zu beobachten.",SL009
masterclass,Masterclass,Communicate Like a Leader,"Bitte hier bewerben: https://tinyurl.com/53f8nx2h

Du führst kein Team mit deinem Titel - sondern mit jeder Nachricht, jedem Gespräch und jedem Feedback, das du gibst. In dieser Masterclass lernst du, wie Kommunikation zu deinem stärksten Leadership-Tool wird: klar, wertschätzend und wirksam - auch wenn es schwierig wird.

Das nimmst du mit: 
- Wie du mit einfachen Kommunikationsprinzipien Orientierung gibst, ohne zu micromanagen 
- Wie du Feedback so strukturierst, dass es motiviert, statt zu verunsichern - und Verhalten wirklich verändert 
- Wie du schwierige Gespräche souverän führst (Konflikte, Erwartungen, Leistung) und dabei Vertrauen stärkst 
- Wie du eine Feedbackkultur aufbaust, die Verantwortung und Wachstum im Team fördert 
- Wie du deine eigene Wirkung reflektierst und gezielt weiterentwickelst - als Future Skill

Alexandra Heinrichs bringt dafür über 20 Jahre Erfahrung aus globaler Team- und Talentführung bei Unilever mit - praxisnah, direkt anwendbar und menschenorientiert. Geh raus und gestalte Führung, die Klarheit schafft und andere mutig macht.",SL032
masterclass,Masterclass,Deep Dive: So meisterst du deine Jobsuche erfolgreich,"Bitte hier bewerben: https://tinyurl.com/53f8nx2h

Du scrollst durch Jobtitel, die sich ähnlich lesen - und trotzdem fühlt sich keine Entscheidung ganz richtig an. In diesem Talk bringst du Struktur in deine Suche und lernst, wie du Verantwortung für deinen nächsten Schritt übernimmst: klar, mutig und realistisch.

Das nimmst du mit: 
- Wie du aus Interessen, Stärken und Werten ein klares Job-Ziel ableitest (statt „irgendwas mit…“) 
- Wie du Stellenanzeigen richtig liest und Prioritäten setzt - passend zu deinem Leben und deiner Ambition 
- Wie du deinen CV und dein Profil schärfst, damit dein Mehrwert sichtbar wird 
- Wie du Interviews souverän führst: gute Story, starke Fragen, klare Gehalts- und Rahmenabsprachen 
- Wie du Netzwerken als Future Skill nutzt - ohne dich zu verstellen 

Christina Roth-Sauer bringt als langjährige Partnerin in der Personalberatung den Blick aus hunderten Besetzungen mit - und übersetzt ihn in konkrete, umsetzbare Schritte. Geh raus und gestalte deinen Einstieg: Where ambition meets direction.",SL021
masterclass,Masterclass,"Dein Job, echte Sicherheit: So gestaltest du Impact","Bitte hier bewerben: https://tinyurl.com/53f8nx2h

Wenn Technik plötzlich mehr ist als Performance, sondern Schutz: Genau dann wird aus deinem Job ein echter Beitrag für eine sicherere Welt. In dieser Masterclass bekommst du einen klaren Einblick, wie Akkodis in Aerospace, Defense und IT-Sicherheit Lösungen entwickelt, die Verantwortung mit Innovation verbinden - und wo du dich mit deinen Skills wirksam einbringen kannst.

Das nimmst du mit:

- Wie reale Sicherheits- und Resilienz-Anforderungen Projekte in Aerospace, Defense und Cybersecurity prägen 
- Welche Future Skills (Systems Thinking, Risiko- & Entscheidungsfähigkeit, Security-by-Design) in der Praxis zählen 
- Wie aus komplexen Vorgaben umsetzbare Lösungen werden - von der Idee bis zur Umsetzung 
- Wo deine Rolle Wirkung entfaltet: in interdisziplinären Teams, mit klarer Verantwortung und hoher Qualität 

Du lernst direkt von Akkodis-Expert:innen, die an sicherheitskritischen Systemen arbeiten - und gehst raus mit mehr Klarheit, wie du Zukunft aktiv mitgestaltest.",SL019
masterclass,Masterclass,Democratizing Energy: The Rise of the Prosumer and the Business of Independence,"Bitte hier bewerben: https://tinyurl.com/53f8nx2h

Das Energiesystem verschiebt sich gerade leise, aber radikal: weg von wenigen großen Erzeugern - hin zu Millionen Menschen, die Energie produzieren, speichern und smart steuern. In dieser Masterclass schaust du hinter die technologischen und ökonomischen Treiber dieser Entwicklung und verstehst, warum der „Prosumer“ zum neuen Normal wird.

Das nimmst du mit:

- Welche Technologien (PV, Speicher, EMS, dynamische Tarife) den Wandel wirklich skalierbar machen 
- Wie Business-Modelle wie Energy-as-a-Service Energie-Unabhängigkeit bezahlbar und zugänglich machen 
- Welche FinTech- und Software-Bausteine (Finanzierung, Abrechnung, Risiko, Plattformen) hohe Upfront-Kosten ersetzen 
- Wie du Chancen entlang der Wertschöpfung erkennst: von Produkt bis Plattform, von Haushalt bis Community 
- Welche Kriterien gute Go-to-Market-Strategien im dezentralen Energiemarkt erfüllen müssen 

Du gehst raus mit Klarheit, wo du Verantwortung übernehmen und konkret mitbauen kannst - where ambition meets direction.",SL033
masterclass,Masterclass,Deploy to AWS with Claude...what could possibly go wrong?!,"Bitte hier bewerben: https://tinyurl.com/53f8nx2h

Go to production fast - what can go wrong? In this hands-on session we will use Claude Code as our co-driver to plan, build and deploy a real service to production in 45 minutes. We'll learn how modern DevOps can be supported by AI, as well as the risks that come with it. You will leave with practical prompts, a working AWS project, and the confidence to move faster without breaking things.",SL025
masterclass,Masterclass,"Der Algorithmus kennt deinen Kunden nicht, du schon: Vertriebsteam aufbauen ohne Performance-Marketing-Budget.","Bitte hier bewerben: https://tinyurl.com/53f8nx2h

Während andere ihr Budget in Ads verbrennen, gewinnen die Besten bereits ihre nächsten Kunden. Lorna zeigt dir, was erfolgreiche Vertriebsteams von allen anderen unterscheidet. Ein System, das ohne Performance-Marketing planbar verkauft. Du gehst raus mit einem klaren Fahrplan, den du am nächsten Tag organisch direkt in deinem Business umsetzt.",SL013
masterclass,Masterclass,Emotions in Business: The Missing Chapter in your Management Degree,"Bitte hier bewerben: https://tinyurl.com/53f8nx2h

Most management degrees teach you strategy, finance, and operations. Almost none teach you how emotions actually drive power, influence, and performance inside organizations. In this Masterclass, Prof. Dr. Prisca Brosi reveals what truly shapes leadership impact, hiring decisions, and career acceleration behind the scenes. Based on research published in top international journals, you’ll discover how emotional signals influence who gets trusted, promoted, or overlooked. And how to use this knowledge to your advantage. If you want a competitive edge beyond the textbook, this is where it starts.",SL020
masterclass,Masterclass,Empathie schlägt Algorithmus: Warum der Makler der Zukunft durch KI menschlicher wird.,"Bitte hier bewerben: https://tinyurl.com/53f8nx2h

Gewerbeimmobilien sind kein Bauchgefühl-Geschäft - es geht um strategische Investments, komplexe Deals und Entscheidungen mit enormer Tragweite. Doch am Ende entscheidet nicht der beste Algorithmus, sondern das beste Gespräch. Engel & Völkers Commercial zeigt, warum gerade in einer Welt voller KI und Daten das Menschliche zum entscheidenden Wettbewerbsvorteil wird - und warum Empathie, Vertrauen und Verhandlungsgeschick jede Technologie schlagen. Ein Talk, der das klassische Makler-Image hinter sich lässt und zeigt, was diesen Beruf wirklich ausmacht.",SL037
masterclass,Masterclass,From idea to startup: Why product-market-fit is key!,"Bitte hier bewerben: https://tinyurl.com/53f8nx2h

This interactive masterclass explores the journey from an initial idea to a potential startup. Together with Sanna, founder of Veridu we will walk through key steps such as validating the idea with potential buyers, convincing first pilot customers, founding a company and entering the market. The session combines founder insights, practical frameworks, and interactive elements with the audience.",SL031
masterclass,Masterclass,From Scratch zum Geschäftsmodell: Venture Studio Skills für dein Startup,"Bitte hier bewerben: https://tinyurl.com/53f8nx2h

Du hast eine Idee - aber dir fehlen noch Team, Zugang zur Industrie oder ein klarer Weg von „Konzept“ zu „Company“? Genau hier setzt ein Venture Studio an: nicht als Investor von außen, sondern als aktiver Co-Founder, der Gründung systematisch möglich macht und Tempo in Richtung Wirkung bringt.

Das nimmst du mit:

- Was ein Venture Studio wirklich ist - und wie es sich von Accelerator, Inkubator und VC unterscheidet 
- Welche Bausteine (Team, Kapital, Produkt, Vertrieb, Operations) ein Studio in der Praxis mitbringt - und welche Verantwortung bei dir bleibt 
- Warum „Network > Skillset“ oft der schnellste Hebel ist: Zugang zu Kund:innen, Pilotprojekten, Talenten und Partnern - und wie du ihn gezielt aufbaust 
- Wie Venture-Studio-Kooperationen typischerweise strukturiert sind (Rollen, Equity, Entscheidungswege) - damit du sauber und fair verhandelst 
- Konkrete Learnings aus dem Venture-Studio-Alltag von Next Mobility Labs: wie Portfolio-Startups validieren, launchen und skalieren

Wenn du schneller Klarheit und Richtung willst: Nimm dir die Struktur - und gestalte die Zukunft mutig mit.",SL014
masterclass,Masterclass,Herzenssache - Resilienz: Stark bleiben in schweren Zeiten,"Bitte hier bewerben: https://tinyurl.com/53f8nx2h

Manchmal wirkt alles stabil - bis ein Moment alles verschiebt. Angst und Selbstzweifel können laut werden, aber sie müssen nicht bestimmen, wie du weitergehst. In „Herzenssache“ geht es nicht um Durchhalten um jeden Preis, sondern um Resilienz als Future Skill: bewusst wahrnehmen, annehmen, neu ausrichten - und wieder handlungsfähig werden. Gefördert durch die Techniker Krankenkasse verbindet der Talk persönliche Erfahrung mit praxistauglichen Werkzeugen, die dich in herausfordernden Phasen unterstützen.

Das nimmst du mit: 
- Wie du mit Achtsamkeit innere Ruhe aufbaust, statt im Kopfkino festzuhängen 
- Wie Akzeptanz dir Energie zurückgibt - ohne aufzugeben oder schönzureden 
- Wie du Optimismus als Entscheidung trainierst (realistisch, nicht naiv) 
- Konkrete Schritte, um Selbstzweifel zu entkräften und Verantwortung für dein Next Step zu übernehmen 

Du gehst raus mit mehr Klarheit, mehr Selbstwirksamkeit - und dem Mut, deine Zukunft aktiv zu gestalten.",SL010
masterclass,Masterclass,High Performance beginnt im Kopf - meine Prinzipien und Erfahrungen für nachhaltige Leistungsfähigkeit,"Bitte hier bewerben: https://tinyurl.com/53f8nx2h

Manche Momente fordern alles: hoher Druck, viele Erwartungen - und trotzdem gibt es Menschen, die klar bleiben, wachsen und ihr Potenzial abrufen. Nachhaltige Spitzenleistung entsteht nicht durch Glück, sondern durch Haltung: Wie du denkst, entscheidest und dich immer wieder ausrichtest.

Das nimmst du mit: 
- Wie du Motivation und Leidenschaft in eine tragfähige innere Ausrichtung übersetzt - auch wenn es anspruchsvoll wird 
- Praktische Routinen, um Durchhaltevermögen aufzubauen, ohne dich zu überfahren (Energie- statt Dauerstress-Logik) 
- Wie du unter Druck bessere Entscheidungen triffst und Verantwortung konsequent übernimmst 
- Tools, um Leistung und Lernen zu verbinden: reflektieren, nachjustieren, stärker zurückkommen 
- Wie du diese Prinzipien in Leadership übersetzt - für dich und dein Team

Der/die Speaker:in verbindet Führungserfahrung mit Prinzipien aus dem Hochleistungssport und macht daraus anwendbare Schritte für deinen Alltag. Geh raus mit dem Mut, deine Leistungsfähigkeit bewusst zu gestalten - und mit Direction, wenn Ambition groß ist.",SL036
masterclass,Masterclass,How to scale your business and impact - Insights from an impact investor.,"Bitte hier bewerben: https://tinyurl.com/53f8nx2h

We will discuss how your business idea and impact can scale hand in hand. We will discuss the following topics and questions: How can companies scale commercially while maximising real world impact? Business idea,GTM strategy, team, impact potential and more: What do impact investors look for when evaluating early stage companies?",SL034
masterclass,Masterclass,K4 kluge Köpfe klären Konflikte,"Bitte hier bewerben: https://tinyurl.com/53f8nx2h

Konflikte kündigen sich selten laut an - oft sind es kleine Irritationen, die sich im Team, mit Kund:innen oder privat zu einem echten Störgefühl aufschaukeln. In dieser Masterclass lernst du, Konflikte nicht zu vermeiden, sondern sie als Chance für Klarheit, Beziehung und bessere Entscheidungen zu nutzen - und du erlebst live, wie sich das im Alltag anfühlt.

Das nimmst du mit: 
- Wie du eine konstruktive Konflikthaltung entwickelst, ohne dich zu verbiegen 
- Praktische Gesprächs-Tools für schwierige Situationen (klar, respektvoll, wirksam) 
- Simulationen echter Berufsalltagsfälle: beobachten, üben, direkt anwenden 
- Die „Ökonomie von Streitkulturen“: wie gute Konflikte Zeit, Energie und Reputation sparen 
- Wie du Verantwortung übernimmst - auch wenn Emotionen im Raum sind

Du gehst raus mit mehr Mut, Konflikte aktiv zu gestalten - und damit Leadership zu zeigen, bevor du den Titel brauchst.",SL024
masterclass,Masterclass,Level Up Your Career: Verändere Unternehmen von innen,"Bitte hier bewerben: https://tinyurl.com/53f8nx2h

Du willst nicht einfach „mitlaufen“, sondern Zukunft im Unternehmen mitgestalten - mit Sinn, Wirkung und einem klaren inneren Kompass. In dieser Masterclass zeigst du, wie Intrapreneurship funktioniert, ohne dass du dafür einen neuen Titel brauchst: Du lernst, Chancen zu erkennen, Verantwortung zu übernehmen und aus Ideen echte Umsetzung zu machen.

Das nimmst du mit: 
- Wie erfolgreiche Intrapreneure denken und handeln - und wie du dieses Mindset im Alltag anwendest 
- Wie du deine persönliche Impact Area findest und daraus Fokus, Motivation und Richtung für deine Karriere ableitest 
- Wie du deine Stärken so einsetzt, dass daraus messbarer Mehrwert für Team, Kund:innen und Business entsteht 
- Wie du Ideen im Unternehmen platzierst, Mitstreiter:innen gewinnst und ins Machen kommst - auch ohne formale Macht 

Am Ende gehst du raus mit Klarheit, Mut und einem Plan, wie du Wirkung dort erzeugst, wo du heute schon bist.",SL017
masterclass,Masterclass,"Next Gen Public Leadership: Verantwortung übernehmen, Demokratie stärken","Bitte hier bewerben: https://tinyurl.com/53f8nx2h

Du gestaltest in der Verwaltung nicht nur Prozesse - du gestaltest Alltag, Chancen und Vertrauen. Gerade hier wird sichtbar, wie Leadership und Sinnhaftigkeit zusammengehören: durch Entscheidungen, die Menschen wirklich erreichen.

Das nimmst du mit: 
- Wie Verantwortung in der Verwaltung konkret gelebt wird - jenseits von Titeln, nah an Wirkung 
- Wie du als Führungskraft Orientierung gibst: klar kommunizieren, Prioritäten setzen, Entscheidungen tragfähig machen 
- Wie du Wirkung (Impact) mess- und erzählbar machst, ohne dich in Kennzahlen zu verlieren 
- Wie du Vertrauen in staatliches Handeln stärkst: transparent, serviceorientiert, demokratiebewusst 
- Wie du Teams in Veränderung führst und eine Kultur von Ownership und Community aufbaust

Du gehst raus mit dem Mut, Verwaltung als Gestaltungsraum zu nutzen - für Hamburg und eine lebenswerte Zukunft.",SL018
masterclass,Masterclass,Powering the Next Mobility Era,"Bitte hier bewerben: https://tinyurl.com/53f8nx2h

Gestern war die Tankstelle ein klarer Ort: reinfahren, tanken, weiter. Heute wird sie zum Knotenpunkt für Energie, Convenience und neue Erwartungen - und du entscheidest mit, wie dieser Ort in Zukunft funktioniert.

Das nimmst du mit: 
- Wie du die Mobilitätswende als Leadership-Aufgabe steuerst - mit klaren Prioritäten statt Aktionismus 
- Welche Future Skills du brauchst, um Unsicherheit in Richtung zu übersetzen (Entscheidungsstärke, Stakeholder-Management, Kundenfokus) 
- Wie du Standortstrategie neu denkst: Ladebedarfe, Aufenthaltszeiten, Flächenlogik und lokale Partnerschaften 
- Wie aus „Tanken“ ein Kundenerlebnis wird: Services, Prozesse und Teams, die auf E-Mobilität einzahlen 
- Ansätze für tragfähige Geschäftsmodelle zwischen Energieverkauf, Retail und Plattformen

Du gehst raus mit konkreten Hebeln, um Verantwortung zu übernehmen und die Transformation vor Ort mutig zu gestalten.",SL022
masterclass,Masterclass,PR for Disruptors: Wie komme ich als Start-up ins Handelsblatt?,"Bitte hier bewerben: https://tinyurl.com/53f8nx2h

PR fühlt sich für viele Start-ups nach „später“ an - bis Funding-Runden, Hiring oder Sales zeigen, wie stark Sichtbarkeit Richtung geben kann. In dieser Masterclass bekommst du einen klaren, praxisnahen Blick darauf, wie Start-up-PR wirklich funktioniert: wann du starten solltest, wie Medien entscheiden und wie du aus deinem Produkt eine Story machst, die Relevanz hat.

Das nimmst du mit: 
- Wie du den richtigen PR-Zeitpunkt erkennst und Ziele (Funding, Talente, Sales) sauber übersetzt 
- Wie du eine tragfähige Story-Struktur baust - inkl. konkreter Praxisbeispiele 
- Wie du Medien professionell ansprichst: Pitch-Logik, Timing, Follow-ups ohne zu nerven 
- Die häufigsten PR-Fehler von Start-ups - und wie du sie vermeidest 
- Wie du mit kleinem Budget und ohne großes Team echte Aufmerksamkeit erzeugst

Natalia Fritz (Cléo PR) hat über 100 Start-ups strategisch begleitet und teilt ehrliche Use Cases statt Theorie. Geh raus mit Klarheit - und dem Mut, deine Geschichte selbst in die Hand zu nehmen.",SL026
masterclass,Masterclass,Purpose trifft Karriere: Warum Sparkasse mehr ist als Bankjob,"Bitte hier bewerben: https://tinyurl.com/53f8nx2h

Du willst Karriere machen, aber nicht um jeden Preis - sondern mit Sinn, Stabilität und Raum zum Wachsen. In dieser Masterclass siehst du, wie du deine individuellen Ziele klarer machst und sie in einem Umfeld umsetzt, das Verantwortung fördert und Entwicklung möglich macht - bei der Sparkasse Holstein auf dem Weg zur Großsparkasse.

Das nimmst du mit: 
- Wie du deine Karriereziele schärfst und in konkrete nächste Schritte übersetzt (Richtung statt nur Ambition) 
- Welche Karrierewege und Geschäftsfelder dir als Vollsortimenter offenstehen - und wie du den passenden Track wählst 
- Wie du Future Skills wie Verantwortung, Kundenorientierung und Lernagilität im Job sichtbar aufbaust 
- Wie Trainees und Berufseinsteiger:innen gezielt gefördert werden und du früh wirksam werden kannst 
- Wie du beruflichen Erfolg mit gesellschaftlichem Impact in der Region verbindest 

Du bekommst Einblicke direkt aus einer Organisation, die für Verlässlichkeit steht und gleichzeitig aktiv Zukunft gestaltet. Geh raus mit Klarheit - und dem Mut, deinen Weg bewusst zu wählen.",SL016
masterclass,Masterclass,"So baust du dir eine starke, authentische Personal Brand auf","Bitte hier bewerben: https://tinyurl.com/53f8nx2h

Du hast etwas zu sagen - aber oft bleibt es im Kopf, weil LinkedIn laut ist und „Selbstvermarktung“ sich falsch anfühlt. In dieser Masterclass baust du eine Personal Brand auf, die sich nach dir anfühlt: klar positioniert, glaubwürdig und mit Richtung.

Das nimmst du mit: 
- Wie du deine Positionierung in 1-2 Sätzen schärfst, ohne dich in Rollenbilder zu pressen 
- Wie du deine Story strategisch erzählst (Expertise + Haltung + Learnings), ohne oversharing 
- Wie du Content entwickelst, der Nutzen stiftet: Themen, Formate und ein einfacher Redaktionsrhythmus 
- Wie du LinkedIn gezielt nutzt: Profil als „Landingpage“, Sichtbarkeit durch Interaktion, Community statt Reichweitenjagd 
- Wie du Konsistenz aufbaust - mit einem System, das auch in vollen Wochen funktioniert 

Du bekommst einen klaren Prozess und umsetzbare Templates aus der Praxis, damit deine Ambition Richtung bekommt. Geh raus, zeig Verantwortung für deine Stimme - und gestalte deine Zukunft sichtbar.",SL023
masterclass,Masterclass,The 1-Person Company: Scaling Without Hiring - A behind the scenes look at Digitale Optimisten,"Bitte hier bewerben: https://tinyurl.com/53f8nx2h

For decades, scaling a company meant hiring people. More freelancers. More agencies. More employees. More overhead. That model is breaking. Today, the fundamental unit of scale is no longer a human team. It’s systems, workflows, and AI agents. In this masterclass, Alexander Mrozek (Founder of Digitale Optimisten) breaks down how he built a media business structured not as a team - but as three connected machines: • A Content Machine that constantly discovers and generates valuable ideas • An Attention Machine that turns ideas into distribution across platforms • A Monetization Machine that converts trust into revenue This session is about architecture, leverage, and the new role of founders as system designers. If you want to build something in the next 5 years, this changes how you think.",SL011
masterclass,Masterclass,The AI-First Organization: Leading the biggest workplace transformation since the internet,"Bitte hier bewerben: https://tinyurl.com/53f8nx2h

While companies invest $1.7 trillion in AI, 95% of initiatives fail to deliver value. Learn during our Masterclass how leading companies reshape their organization to face the workplace revolution and what it needs for future workforce in terms of skills and capabilities. Explore real-world examples and discover how to lead the workplace transformation defining the next decade.",SL027
masterclass,Masterclass,Top-Berater ohne 100-Stunden-Wochen: was High-Performer davon lernen können,"Bitte hier bewerben: https://tinyurl.com/53f8nx2h

Manche Menschen liefern konstant starke Ergebnisse - und wirken dabei trotzdem fokussiert statt ausgebrannt. Nicht, weil sie härter arbeiten, sondern weil sie klarer denken, besser priorisieren und ihre Energie gezielt einsetzen. In diesem Talk zeigt dir Tim Felten, wie High Performer Verantwortung übernehmen, ohne sich im Dauerstress zu verlieren - und wie du diese Prinzipien sofort in deinen Alltag übersetzt.

Das nimmst du mit:

- Wie du strukturiertes Denken nutzt, um Komplexität schnell in klare Entscheidungen zu übersetzen 
- Ein Priorisierungs-System, das „wichtig“ von „laut“ trennt - und dir Richtung gibt 
- Effiziente Arbeitsroutinen für Meetings, Mails und To-dos, die Zeit schaffen statt Zeit fressen 
- Wie du Fokus, Energie und Erwartungen aktiv managst - als Future Skill für nachhaltiges Leadership 

Tim bringt dafür über 12 Jahre Strategie- und Projektpraxis (u. a. Roland Berger) und heutige CEO-Erfahrung mit. Du gehst raus mit Tools, die Ambition in Richtung verwandeln - und dem Mut, smarter statt länger zu arbeiten.",SL035
masterclass,Masterclass,Trust is the Target: Wie du Vertrauen in der Wirtschaftsprüfung schützt,"Bitte hier bewerben: https://tinyurl.com/53f8nx2h

Vertrauen entsteht heute nicht mehr nur durch gute Zahlen - sondern durch sichere Systeme, klare Verantwortung und den Mut, auch Unsichtbares prüfbar zu machen. In dieser Masterclass schaust du hinter die Kulissen digitaler Geschäftsmodelle und verstehst, warum Digital Trust zur Basis von Märkten, Prüfungsqualität und Leadership wird.

Das nimmst du mit: 
- Wie Cybercrime, Datenhandel und Geopolitik zusammenwirken - und was das fürs Risikobild von Unternehmen bedeutet 
- Welche digitalen Risiken in nahezu jedem Geschäftsmodell stecken (auch ohne „Tech“-Label) 
- Wie du als (angehende:r) Wirtschaftsprüfer:in Prüfungs- und Advisory-Ansätze auf Digital Trust ausrichtest 
- Welche Fragen du stellen musst, um Security, Governance und Resilienz belastbar zu beurteilen 
- Wie du Verantwortung über Compliance hinaus übernimmst - klar, professionell, zukunftsorientiert

Du gehst raus mit mehr Orientierung, wie du Vertrauen aktiv mitgestaltest: We Shape What Matters.",SL015
masterclass,Masterclass,Venture Capital Deal Structuring - Legal Essentials for Founders,"Bitte hier bewerben: https://tinyurl.com/53f8nx2h

This masterclass provides a practical and accessible deep dive into the legal structure and mechanics of venture capital financing rounds. Participants will gain an overview of typical start-up shareholding structures, commonly used financing instruments, and how a VC round is prepared, negotiated, and executed in practice. We will walk through market-standard terms such as founder vesting and highlight the legal relevance of intellectual property as a start-up’s “crown jewels”. The goal is to equip founders with the knowledge they need to confidently navigate their first (or next) financing round and avoid common legal pitfalls.",SL012
masterclass,Masterclass,Venture Client Masterclass: Gaining a Competitive Edge with Startup Technologies,"Venture Clienting is one of the fastest ways for startups to land enterprise customers - and for corporates to access cutting-edge innovation. In this masterclass, you'll learn how to strategically leverage venture clienting to build meaningful business relationships, accelerate your go-to-market and gain a real competitive edge. Whether you're on the startup or corporate side - this is the playbook for turning first contact into long-term success.",SL163
masterclass,Masterclass,Von der Idee zum Business: Dein Gründungs-Fahrplan 2026,"Bitte hier bewerben: https://tinyurl.com/53f8nx2h

Du hast eine Idee - und trotzdem bleibt der erste Schritt oft der schwerste: Nicht, weil dir Mut fehlt, sondern weil Formalitäten, Finanzen und Entscheidungen gleichzeitig anklopfen. In dieser Session mit Qonto und beglaubigt.de bekommst du Orientierung, die dich schnell ins Handeln bringt - klar, digital und ohne unnötige Umwege.

Das nimmst du mit: 
- Rechtsform-Check: Wie du die passende Rechtsform für dein Vorhaben wählst - inkl. typischer Fallstricke 
- Online gründen: Welche Schritte du brauchst, um in wenigen Tagen komplett digital zu starten 
- Finanzen im Griff: Wie du Konten, Zahlungsflüsse und Basics so aufsetzt, dass du von Anfang an professionell arbeitest 
- Q&A mit Substanz: Konkrete Antworten auf deine Situation - direkt von den Expert:innen aus Gründung & Business-Finanzen 

Geh raus mit Klarheit, triff Entscheidungen mit Verantwortung - und starte, statt weiter zu warten.",SL030
panel,Panel,Autonomie im All: Braucht Deutschland mehr eigene Satelliten?,"Kein GPS, kein Internet - ohne Satelliten wäre unsere moderne Welt nicht funktionsfähig. Über 14.000 aktive Satelliten umkreisen laut ESA derzeit die Erde, viele davon gehören Elon Musks Firma SpaceX. Doch auch Russland, China und andere Nationen bauen ihre Präsenz im All aus. Der Orbit wird zunehmend zum geopolitischen Schauplatz: Die Technik dort dient nicht mehr nur der Kommunikation und Forschung, sondern zunehmend der Überwachung und der Verteidigung. Seit 2025 verfügt auch Deutschland über eine nationale Weltraumsicherheitsstrategie. Wer hat Zugang zum All? Wie arbeiten deutsche Unternehmen daran, ihre Technologien in die Erdumlaufbahn zu bringen? Welche Rolle spielen internationale Partner? Schließt „New Space“ die Defence-Lücke, oder entstehen neue Abhängigkeiten?",SL121
panel,Panel,"Breaking Barriers in Deep Tech - Female Founders on Funding, Scaling & Role Models","Deep tech is hard. Being a female founder makes it harder. Women receive less than 2% of VC funding - in deep tech, it's even worse. Female deep tech founders share their unfiltered stories: How do you raise capital when investors doubt you? Scale hardware when networks are male-dominated? And become the role model you never had? Honest talk about bias, resilience, and what needs to change. For everyone who believes talent has no gender - but knows the system doesn't agree yet.",SL155
panel,Panel,Corporate × Startup: Building a Strong Future Together,"Corporates have resources, startups have speed - but collaboration often fails. Otto Group CEO Petra Scharner-Wolff and Project A's Florian Heinemann reveal what actually works. How do you bridge cultures? When should corporates invest vs. partner? What do startups need from corporates - and vice versa? Real talk from both sides on building partnerships that create value, not just press releases. The playbook for successful corporate-startup collaboration.",SL138
panel,Panel,"Das Unicorn-Playbook - zwei der erfolgreichsten Gründer über Trends, Updates & Ausblick 2027","Was braucht es, um in Deutschland ein Unicorn zu bauen? Tarek Müller (About You) und Philipp Schröder (1KOMMA5°) haben es geschafft - in E-Commerce und CleanTech. Die beiden Hamburger Gründer diskutieren: Welche Branchen explodieren bis 2027? Welche Skills brauchen Young Professionals? Wie zieht man Funding an? Warum funktioniert Hamburg - und wo muss Deutschland aufholen? Exit vs. Empire: Wann verkauft man, wann kämpft man weiter? Zwei Wege, ein Ziel: Zeigen, dass Deutschland groß denken kann.",SL050
panel,Panel,Deep Tech Made in Hamburg - From Lab to Global Market,"Hamburg is emerging as a leading Deep Tech hub. Prof. Dr. Wim Leemans (DESY), renowned plasma accelerator pioneer, and Prof. Dr. Blanche Schwappach-Pignataro (UKE), Dean and molecular biologist, discuss how to translate breakthrough research into global impact. Learn about Hamburg's Deep Tech ecosystem, scaling research into commercial ventures, and career paths for sciencepreneurs moving from academia to industry. Discover how fundamental science becomes breakthrough business—and why Hamburg is building the future, one lab at a time.",SL146
panel,Panel,Die Energie-Transformation braucht Macher:innen - jetzt erst recht,"Die Energiewende steht unter Druck - vor allem politisch. Doch erneuerbare Energien sind unsere Zukunft, wenn wir unsere Lebensgrundlagen, Sicherheit und Unabhängigkeit schützen wollen, (das zeigt uns nicht nur der Iran-Krieg). Klimaaktivistin Luisa Neubauer, Energieunternehmer Stefan Müller und Experte Tim Meyer diskutieren: Wie setzen wir Windräder, Netze und Speicher um - trotz politischer Widerstände? Warum braucht es jetzt Menschen, die anpacken statt abwarten? Und welche Rolle spielen Unternehmer:innen, Aktivist:innen und Zivilgesellschaft, wenn die Politik bremst? Ein Weckruf für alle, die die Energiewende nicht aufgeben - sondern ins Machen bringen.",SL057
panel,Panel,"Founder Stories - Start, Challenges & Success","Real founder challenges. Honest lessons. Practical funding insights.
 Building a startup is never a straight line. Behind every success story are difficult decisions, funding pressure, unexpected setbacks, and the constant challenge of turning momentum into real growth. In this panel, founders and startup finance experts go beyond the headline version of entrepreneurship and talk openly about what it actually takes to build a company.
With Simon Wilhelm (SCAILE Technologies) and Dr. Anne Lamp (traceless materials), the session dives into two real startup challenges, how they were tackled, and what made the difference at key moments. Together with Jan Gierkes and Stefanie Höhn from IFB Innovationsstarter, the panel also explores how targeted support, early-stage funding, and investor readiness can help founders move forward faster.
Expect honest founder lessons, practical insights, and a mini investment reality check for anyone building, planning, or financing a startup.",SL141
panel,Panel,"Gemeinsam bewegen: Sport, Purpose & Leadership",,SL101
panel,Panel,Gen Z x Millennials - Wie sich die Arbeitswelt geändert hat,,SL103
panel,Panel,Growth Stage VC: How Foundations and VCs Drive Deep Tech,"Deep tech needs patient capital - but who provides it? Visionaries Tomorrow VC Founding Partner Sebastian Pollok and Joachim Herz Foundation's Dorothea Ringe on how foundations and VCs can work together to fund the hardest problems. Why traditional VC models fail for deep tech, how impact capital bridges the gap, and what founders should know when raising growth-stage funding. A rare look at the future of deep tech financing from two pioneers shaping the ecosystem.",SL139
panel,Panel,Haltung oder Hashtag? Wie politisch dürfen Unternehmen sein?,,SL104
panel,Panel,Hamburg 2040 - Eine Stadt denkt Zukunft,"Wie sieht Hamburg in 15 Jahren aus? Zweite Bürgermeisterin Katharina Fegebank, HHLA-Arbeitsdirektor Torben Seebold und Hauptgeschäftsführer der Handelskammer Dr. Malte Heyne entwerfen die Vision: klimaneutral, digital, lebenswert. Wie transformieren wir Hafen, Mobilität und Wirtschaft? Welche Rolle spielt Hamburg als europäische Tech-Metropole? Ein inspirierendes Gespräch über Stadtentwicklung, Nachhaltigkeit und die Frage: Wie gestalten wir die Zukunft, statt sie zu erleiden?",SL052
panel,Panel,Hamburg als internationaler Karrierestandort in der Luftfahrt,"Hamburg ist nach Toulouse der zweitgrößte Standort der zivilen Luftfahrt weltweit - doch was bedeutet das konkret für junge Talente? In diesem Panel beleuchten Airbus, das Aviation-Startup Kratena und das Netzwerk Hamburg Aviation gemeinsam, welche Karrieremöglichkeiten die Luftfahrtbranche in Hamburg bietet - vom globalen Konzern über innovative Startups bis hin zum starken Branchennetzwerk. Moderiert durch Hamburg Invest erfahrt ihr, warum Hamburg der Ort ist, an dem Karrieren in der Luftfahrt abheben.",SL091
panel,Panel,How to make Impact great again,,SL107
panel,Panel,Kann man die Welt retten - mit Schokolade und Schnitzel?,,SL102
panel,Panel,KI und Demokratie - wie kann Technologie unsere Demokratie zukunftsfähig machen?,"KI verändert nicht nur die Wirtschaft - sie wird auch unsere Demokratie prägen. Doch wie genau? In diesem Panel treffen drei Perspektiven aufeinander, die zusammen das große Bild zeichnen: Tilman von OpenAI gibt Einblicke, wohin sich KI in Zukunft entwickelt und was die Technologie wirklich können wird. Maximilian von Dataport zeigt, wie KI heute schon in der deutschen Verwaltung integriert wird - und wo die größten Hürden liegen. Sophia, CMO von 1KOMMA5°, bringt die Perspektive eines Unternehmens ein, das sich aktiv für demokratisches Engagement einsetzt. Gemeinsam diskutieren sie, welche Chancen und Risiken KI für Deutschland als Staat mit sich bringt - und wie Technologie unsere Demokratie nicht schwächen, sondern stärken kann.",SL109
panel,Panel,Laterale Führung und Verbindung - Führungskräfte der neusten Generation,,SL108
panel,Panel,"Marketing für die nächste Generation: Werte, Tempo, Relevanz",,SL105
panel,Panel,"Move Fast, Stay Responsible - AI Transformation When Failure Is Not an Option","KI in kritischen Systemen: Wie führt man KI-Transformation durch, wenn Fehler Leben kosten können? TK-Vorstandsvorsitzender Dr. Jens Baas, Digitalstaatsrätin Dr. Katrin Suder und Parloa-Gründer Malte Kosub diskutieren, wie Gesundheit, Verwaltung und Tech verantwortungsvoll KI einsetzen. Zwischen Tempo und Sicherheit, Innovation und Regulierung - ein Panel über die Balance zwischen „Move Fast"" und „Do No Harm"" in hochsensiblen Bereichen.",SL040
panel,Panel,No Title Needed - Was Karriere wirklich prägt,"Was, wenn die entscheidenden Momente deiner Karriere gar nichts mit Planung zu tun haben, sondern mit Haltung? In diesem Panel geht es nicht um Karriere-Checklisten, sondern die Frage: Welche Kultur, welches Umfeld und welche Entscheidungen machen am Ende wirklich den Unterschied? 

Gemeinsam mit Moderator Toni Willkommen sprechen Judith Scholten und Julia Weber darüber, warum frühe Verantwortung in der Karriere kein Zufall ist, sondern das Ergebnis von vertrauensvoller Unternehmenskultur und warum Freiheit nur dann wirkt, wenn man sie aktiv nutzt. 

Die Teilnehmenden erfahren, wie Karrieren dort wachsen, wo Menschen Verantwortung übernehmen, warum der eigene Weg Haltung und Initiative braucht und wieso der Karrierestart in einer Agentur bedeutet, immer am Puls der Zeit zu sein und damit oft auch den entscheidenden Wissensvorsprung zu haben.",SL093
panel,Panel,Olympische und Paralympische Spiele in Hamburg. Eine Chance für alle.,"Im Fokus steht die Frage, welche Chancen Olympische und Paralympische Spiele für Hamburg bieten können: sportlich, gesellschaftlich und wirtschaftlich. Ehemalige Olympioniken aus Schwimmen und Hockey bringen ihre persönlichen Erfahrungen ein und diskutieren gemeinsam mit der Projektperspektive, wie ein solches Sportereignis als inklusiver Impulsgeber für die Stadt wirken kann. Das Panel beleuchtet, wie die Spiele Hamburger inspirieren, Teilhabe stärken und nachhaltige Entwicklungen in der Hansestadt anstoßen können.",SL159
panel,Panel,Quantum & Leadership - How Quantum Computing Changes Everything,"Quantum isn't coming - it's here. DLR's Robert Axmann and leading quantum experts discuss how quantum computing will transform industries, economies, and leadership itself. What can quantum actually do today? Which industries benefit first? And how should leaders prepare for a post-classical computing world? From cryptography to drug discovery, this panel explores the quantum revolution and what it means for the next generation of founders and decision-makers.",SL140
panel,Panel,Raising the Ambition and Building the new European Industries,"Europe doesn't need copies - Europe needs its own champions. Judith Dada (Visionaries Club) and Lennard Schmid (Langdock) on the new generation of European tech builders. Why we must stop imitating Silicon Valley and leverage our strengths: deep tech, regulation as advantage, sustainable innovation. How to raise ambition, retain talent, and build tomorrow's industries in Europe. A wake-up call for more European confidence.",SL048
panel,Panel,"Robotics in Germany - Research, Industry, Startups","Germany is a robotics powerhouse - in research and industry. But where are the unicorns? Leading voices from Fraunhofer, corporate innovation labs, and robotics startups discuss the state of German robotics. Why does world-class research struggle to become world-class companies? What's holding back commercialization? And how can Germany leverage its strengths to build the next generation of robotics champions? A critical conversation about bridging the gap from lab to market.",SL153
panel,Panel,"Sales: Der Skill, der deine Karriere verändert","Du verkaufst jeden Tag - oft ohne es so zu nennen: deine Ideen, deine Prioritäten, manchmal sogar dich selbst. Sales ist deshalb kein „Job für die Extros“, sondern ein Future Skill, der dir Richtung gibt, wenn Ambition auf Realität trifft.

Das nimmst du aus dem Panel mit:

- Wie du die Kernmechaniken von Sales (Zuhören, Bedarf verstehen, Klarheit schaffen) auf Bewerbung, Führung und Stakeholder-Management überträgst 
- Welche Unterschiede und Learnings in Consumer Product, Agency und Software liegen - und welches Umfeld zu dir passt 
- Wie du Einwände in konstruktive Gespräche verwandelst, ohne Druck aufzubauen 
- Welche Sales-Skills dir schnell Verantwortung ermöglichen - auch ohne formale Führung 

Die drei Expert:innen bringen Perspektiven aus drei Vertriebswelten zusammen und machen Skills greifbar, die in jeder Karriere zählen. Geh raus und gestalte deine Zukunft aktiv - mit Klarheit, Mut und Wirkung.",SL172
panel,Panel,Scaling Deep Tech - How Can Germany Win in the Global Race?,Germany has world-class research - but struggles to scale it. UnternehmerTUM CEO Helmut Schönenberger and Impossible Founders CEO Arik Willner on why Europe is losing the global deep tech race - and how to turn it around. What do founders need? Where does funding fail? How do we compete with China and the US? A brutally honest conversation about Germany's innovation bottlenecks and the concrete steps needed to build the next generation of deep tech champions.,SL137
panel,Panel,Sprungbrett in die Führungsetage - Die Rolle des Vorstandsassistent als Karrierebooster,"Millionendeals, strategische Weichenstellungen, Entscheidungen, die ganze Branchen bewegen - all das passiert im Vorstand hinter verschlossenen Türen. Und es gibt eine Rolle, die euch direkten Zugang zu genau diesen Räumen verschafft. Als Vorstandsassistenz sitzt ihr an der Seite derer, die Strategie, Richtung und Zukunft eines Unternehmens bestimmen. Eine Rolle, die so fordernd wie lehrreich ist - und für ambitionierte Talente einer der stärksten Karriere-Booster überhaupt. In diesem Panel erfahrt ihr, was die Position wirklich bedeutet, welche Türen sie öffnet und warum sie der vielleicht smarteste Einstieg in die Unternehmensführung ist.

Das nimmst du mit: 
- Was die Rolle im Alltag wirklich ausmacht - jenseits von Kalender & PowerPoint 
- Welche Future Skills du dort besonders schnell entwickelst (Priorisieren, Kommunikation, Stakeholder-Management, Entscheidungslogik) 
- Wie du aus Nähe zur Führung echte Verantwortung übernimmst, ohne dich aufzureiben 
- Welche Karrierepfade sich öffnen - und wie du sie aktiv steuerst (Where ambition meets direction) 
- Woran du erkennst, ob diese Rolle zu dir passt - und wie du dich überzeugend positionierst 

Die Panelgäste bringen Praxis aus der Vorstands- und Strategiewelt mit und machen transparent, wie man in dieser Rolle Wirkung entfaltet. Geh raus mit Klarheit, Mut und einem Plan für deinen nächsten Schritt.",SL094
panel,Panel,Was für ein Gründer:innentyp bist du? Start-up und Franchise im Vergleich,"Gründen hat viele Facetten. Das Panel zeigt verständlich und praxisnah, worin sich Start-up und Franchise unterscheiden, welche Vorteile beide Modelle bieten und wie du entscheiden kannst, welcher Gründungsstil deinem Mindset und deinem Alltag entspricht.",SL120
panel,Panel,Wenn die Chemie stimmt - Nachhaltigkeit als Innovationstreiber in der Industrie,"Die Chemieindustrie verursachte 2024 14 Prozent aller CO2-Emissionen im Industriesektor. Was muss sich ändern, um die Branche nachhaltiger zu machen? Start-Ups und Unternehmen arbeiten bereits an Lösungen. Welche Beispiele aus der Praxis gibt es, um Nachhaltigkeit messbar zu machen? Und wie bleiben chemische Produkte im wirtschaftlichen Kreislauf?",SL126
panel,Panel,"Werte in der Krise - Wie wir Brücken bauen, wenn die Gesellschaft auseinanderdriftet","Polarisierung, Vertrauensverlust, Spaltung - wie halten wir die Gesellschaft zusammen? Unternehmer Dr. Michael Otto, Politikerin Julia Becker und Bischöfin Kirsten Fehrs im Dialog über Werte, Verantwortung und Zusammenhalt. Welche Rolle spielen Wirtschaft, Politik und Kirche in Krisenzeiten? Wie schaffen wir Räume für Dialog statt Konfrontation? Ein bewegendes Gespräch über die Frage, die uns alle betrifft: Was hält uns als Gesellschaft noch zusammen?",SL046
panel,Panel,Women in Tech - Was ist bei dem ganzen KI-Wahn noch echt?,,SL106
pitch_battle,Startup Pitch,How Germany Is Driving the New Space Ecosystem to the Next Level,"Space is no longer sci-fi - it's business. Germany's New Space ecosystem is booming with startups building satellites, launch systems, and space infrastructure. Watch the next generation of space founders pitch live on stage. From orbital logistics to Earth observation, from propulsion tech to space sustainability - these startups are literally reaching for the stars. Who will win? You decide. The future of space is being built in Germany - right now.",SL149
pitch_battle,Startup Pitch,Startup Pitch Battle,,SL156
podcast,Live-Podcast,"Aufstieg durch Leistung? Drei Karrierewege zwischen Fleiß, Talent und Timing","Leistung lohnt sich - oder? Drei Menschen, drei Karrieren, drei Wahrheiten. Im Live-Podcast diskutieren David Döbele, Andreas Klassen und Cihan Sügür offen: Wie viel zählt wirklich Fleiß? Wann ist Talent entscheidend? Und welche Rolle spielt Glück, Timing oder das richtige Netzwerk? Zwischen Meritokratie-Mythos und harter Realität - ein ehrliches Gespräch über Aufstieg, Chancen und die Frage: Ist Erfolg verdient oder Zufall? Ungefiltert, persönlich und garantiert kontrovers.",SL096
podcast,Live-Podcast,Career Path navigation - how to set yourself up for a fulfilling career,"Wie baut man eine Karriere auf, die wirklich erfüllt - nicht nur auf dem Papier, sondern im echten Leben? In diesem Panel teilen zwei Frauen mit außergewöhnlichen Karrierewegen ihre Erfahrungen. Nina von Google, Host des Tech & Leadership Podcast AccessAllAreas, gibt Einblicke in bewusste Karrieregestaltung im Live-Podcast mit Christine Prauschke, C-Level in unterschiedlichen Branchen und von Startup bis Konzern, teilt ihre Learnings aus einem Karriereweg mit überraschenden Moves trotz rotem Faden. Gemeinsam zeigen sie, wie man kluge Karriereentscheidungen trifft, wann der richtige Moment für Veränderung ist und was es braucht, um einen Weg zu gehen, der zu einem passt.",SL170
podcast,Live-Podcast,"Führen mit Verantwortung: Perspektiven auf Macht, Geld und Gesellschaft. Ein ZEIT-Live-Podcast.","Mit Antje von Dewitz und Sebastian Klein beleuchten wir, wie sich Unternehmertum über verschiedene Generationen hinweg verändert. Wir sprechen über die Herausforderungen und Chancen beim Gründen und Führen von Unternehmen, über Arbeitsbelastung, Verantwortung und persönliche Grenzerfahrungen.",SL125
side_event,Side-Event,Betriebsgeheimnis: Wie du Vertrauen zur Stärke machst,,SL162
side_event,Side-Event,Croissants & Change: Dein Frühstück für Impact-Gründung U30,"Du möchtest die Zukunft unternehmerisch mitgestalten? Hast eine innovative Idee, wie das gelingen kann? Dann bist du beim Körber Start-Hub genau richtig. Ob noch als Gründungsidee im Kopf oder frisch gegründet: Mit Fachwissen von Expert:innen, einem starken Netzwerk und viel Raum baust du hier dein eigenes Social Startup auf.

Gemeinsam starten wir mit einem Frühstück in den zweiten Summit-Tag. Dabei lernst du nicht nur den Hub in der HafenCity und die kostenfreien Angebote kennen, sondern vernetzt dich auch mit anderen jungen Gründungsinteressierten. Gute Aussichten inklusive: Mit etwas Glück kannst du dir mit deiner Gründungsidee einen Platz auf der Shortlist des einjährigen Gründungsprogramms, dem Next.Gen Inkubator, sichern.

Das Angebot richtet sich an Gründungsinteressierte und junge Gründer:innen U30 aus dem Social Business Bereich.",SL006
side_event,Side-Event,Croissants & Change: Dein Frühstück für Impact-Gründung U30,"Moin Cornelius,

klar - wir hinterlegen den Anmeldelink gern:

https://koerber-starthub.de/veranstaltungen/croissants-change-fruehstueck-fuer-impact-gruendungsinteressierte-u30/

Guter Punkt mit der Warteliste: So bleibt ihr flexibel in der Anmeldung und könnt die Kapazität bei Bedarf unkompliziert anpassen. Wenn du magst, sag kurz Bescheid, wie der Link genannt werden soll (z. B. „Anmeldung“, „Jetzt Platz sichern“) und ob wir zusätzlich einen Hinweis wie „begrenzte Plätze / Warteliste möglich“ setzen sollen.",SL007
side_event,Side-Event,Exklusives Netzwerkpartner Pre-Event - ChefTreff x KLU,"Hinweis: Das Event ist exklusiv für unsere Netzwerkpartner und nicht öffentlich zugänglich.

Am Vorabend des FUTURE LEADERS SUMMIT 2026 feiern wir gemeinsam mit unseren Netzwerkpartnern den Auftakt in ein inspirierendes Wochenende voller Begegnungen und neuer Perspektiven. Die Kühne Logistics University Hamburg öffnet exklusiv für unsere Partner ihre Türen und bietet einen Abend mit spannenden Keynotes, neuen Impulsen und offenen Gesprächen bei Food & Drinks.",SL005
side_event,Side-Event,"Founders Running Club: Connect, Lead, Grow","Du kommst aus einem vollen Arbeitstag - und trotzdem willst du raus, den Kopf frei kriegen und Menschen treffen, die ähnlich ticken. Genau hier setzt der Founders Running Club an: ein unkomplizierter Wochen-Run, der Bewegung und Community verbindet - und danach bei Kaffee in echte Gespräche übergeht.

Das nimmst du mit: 
- Eine Routine, die Energie, Fokus und Resilienz stärkt - ohne Leistungsdruck 
- Networking, das sich natürlich anfühlt: Side-by-side statt Small Talk im Kreis 
- Wie du Tempo, Pacer und Struktur nutzt, um dranzubleiben (auch als Busy Founder) 
- Neue Kontakte aus Tech, VC, Creative & Start-up-Welt - international, English-speaking 

Komm wie du bist, lauf dein Tempo - und gestalte die Community aktiv mit.",SL157
side_event,Side-Event,Future Leader Summit 2026 Closing,"Zwei Tage voller Inspiration, Innovation und Impact gehen zu Ende - aber die Reise fängt jetzt erst an. Beim Closing des Future Leader Summit 2026 blicken wir gemeinsam zurück auf die wichtigsten Learnings, die stärksten Momente und die Menschen, die dieses Event unvergesslich gemacht haben. Wir feiern die Community, die hier entstanden ist, und geben einen Ausblick auf das, was kommt. Denn der Summit endet - aber das Netzwerk, die Ideen und der Mut, die Zukunft zu gestalten, bleiben. Ein letzter Impuls, bevor ihr rausgeht und das Gelernte in die Tat umsetzt. Danke, dass ihr dabei wart. Bis zum nächsten Jahr - als noch stärkere Future Leaders.",SL065
side_event,Side-Event,Future Leaders Award Verleihung,"Die mutigsten Talente, innovativsten Projekte, stärksten Initiativen - heute werden sie ausgezeichnet! Der Future Leaders Award 2026 ehrt die Next Generation aus Wirtschaft, Wissenschaft, Tech und Social Impact. Nach hunderten Bewerbungen, tausenden Votes und packenden Finalistinnen-Pitches kürt unsere Jury jetzt die Gewinnerinnen. Wer gestaltet die Zukunft? Wer übernimmt Verantwortung? Wer inspiriert eine ganze Generation? Jetzt wird es offiziell. Let's celebrate leadership!",SL051
side_event,Side-Event,MOVE. Social Cleanup Run,"Hamburg, du läufst ohnehin - warum nicht gleich mit Wirkung? Beim Social Cleanup Run mit adidas Runners Hamburg und dreamactive verbindest du eine entspannte 5-km-Runde mit echtem Impact: one pace, one group, null Druck - dafür Community und ein gemeinsames Ziel.

Das nimmst du mit: 
- Wie du Verantwortung ganz praktisch in deinen Alltag integrierst - ohne extra „Zeitfenster“ 
- Warum Community ein Future Skill ist: gemeinsam organisieren, motivieren, dranbleiben 
- Wie du aus kleinen Aktionen messbaren Impact machst (Cleanup-Insights von oclean) 
- Teamspirit durch eine spielerische Cleanup-Challenge - inklusive Siegerteam & Preisen 

Du musst kein Laufprofi sein: Jede Pace zählt. Komm mit, bring Menschen mit - und gestalte Zukunft in Bewegung.",SL004
side_event,Side-Event,"PhD Breakfast Club: Austausch, Fokus, Future Skills","Du stehst kurz vor dem Ende deiner Promotion - und merkst, dass du Lust auf Wirkung jenseits von Papers und Lab Meetings hast? Beim **PhD Breakfast Club by bpc** triffst du MINT-Promovierende und promovierte Consultants, die den Wechsel aus der Forschung in die **SAP-Beratung** bereits gegangen sind - offen, nahbar und ohne Klischees.

Das nimmst du mit:

- Wie sich wissenschaftliches Denken in Beratung in **klare Entscheidungen und echte Umsetzung** übersetzt 
- Welche **Future Skills** dir als PhD besonders helfen: Strukturieren, Stakeholder verstehen, Priorisieren 
- Ein realistisches Bild davon, wie SAP-Projekte funktionieren - **jenseits von PowerPoint-Mythen** 
- Raum für deine Fragen: Einstieg, Alltag, Entwicklung, Verantwortung, Kultur und Community 

Dazu: gutes Frühstück, Dachterrasse mit Elbblick und ehrlicher Austausch. **Komm vorbei, wenn du deine Ambition in Richtung bringen willst - Where ambition meets direction.**",SL008
side_event,Side-Event,Taste the Future (Powered by Robotics),"Taste the Future. Powered by Robotics.

Am 9. April öffnen wir im Vorfeld des Future Leader Summit unsere Türen.

Ein entspannter Abend, um neue Leute kennenzulernen, sich auszutauschen und gemeinsam in den Summit zu starten.

Zum Auftakt gibt unser CEO Hendrik einen kurzen Einblick in das, woran wir arbeiten. Danach geht es direkt ins Networking.

Und ganz nebenbei passiert das, was den Abend besonders macht:
Unser Küchenroboter bereitet live Snacks für euch zu.

Eine schöne Gelegenheit, spannende Menschen zu treffen und unsere Technologie einmal in Ruhe zu erleben.

Die Plätze sind limitiert, eine Teilnahme ist nur mit Anmeldung möglich: https://event.goodbytz.com

Wir freuen uns auf euch.",SL158
